Player, Nation, Pos, Age, 90s,Performance_CrdY,Performance_CrdR,Performance_2CrdY,Performance_Fls,Performance_Fld,Performance_Off,Performance_Crs,Performance_Int,Performance_TklW,Performance_PKwon,Performance_PKcon,Performance_OG,Performance_Recov,Aerial Duels_Won,Aerial Duels_Lost,Aerial Duels_Won%,Unnamed: 21_level_0_Matches,Team
Mohamed Salah,eg EGY,FW,32.0,37.5,1,0,0,25,39,18,79,9,11,0,0,0,101,9,14,39.1,Matches,Liverpool
Virgil van Dijk,nl NED,DF,33.0,37.0,5,0,0,17,13,0,1,56,20,0,0,0,115,119,46,72.1,Matches,Liverpool
Ryan Gravenberch,nl NED,MF,22.0,35.1,6,1,0,47,52,0,7,60,35,0,0,0,193,26,14,65.0,Matches,Liverpool
Alexis Mac Allister,ar ARG,MF,25.0,28.9,6,0,0,62,40,2,86,22,58,0,0,0,148,19,34,35.8,Matches,Liverpool
Ibrahima Konaté,fr FRA,DF,25.0,28.4,5,0,0,27,20,0,0,17,26,0,0,0,98,74,29,71.8,Matches,Liverpool
Dominik Szoboszlai,hu HUN,MF,23.0,27.7,6,0,0,44,24,4,41,9,20,0,0,0,133,19,23,45.2,Matches,Liverpool
Andrew Robertson,sct SCO,DF,30.0,27.6,3,1,0,11,8,3,147,21,22,0,1,1,105,7,14,33.3,Matches,Liverpool
Alisson,br BRA,GK,31.0,27.9,0,0,0,0,2,0,0,0,0,0,0,0,47,7,0,100.0,Matches,Liverpool
Luis Díaz,co COL,FW,27.0,26.7,2,0,0,48,31,10,32,7,26,2,0,0,105,13,38,25.5,Matches,Liverpool
Trent Alexander-Arnold,eng ENG,DF,25.0,26.3,5,0,0,11,9,1,153,31,50,0,0,0,132,3,13,18.8,Matches,Liverpool
Cody Gakpo,nl NED,FW,25.0,21.5,5,0,0,20,31,5,74,12,16,1,0,0,77,17,26,39.5,Matches,Liverpool
Curtis Jones,eng ENG,"MF,DF",23.0,19.0,3,1,1,18,25,1,8,7,22,1,0,0,97,14,13,51.9,Matches,Liverpool
Diogo Jota,pt POR,FW,27.0,13.3,2,0,0,23,14,1,8,8,8,1,0,0,41,22,32,40.7,Matches,Liverpool
Caoimhín Kelleher,ie IRL,GK,25.0,10.0,0,0,0,0,3,0,0,0,0,0,0,0,18,1,0,100.0,Matches,Liverpool
Kostas Tsimikas,gr GRE,DF,28.0,9.3,2,0,0,9,6,1,64,11,20,0,0,0,31,5,8,38.5,Matches,Liverpool
Darwin Núñez,uy URU,FW,25.0,12.6,8,0,0,27,14,12,3,4,18,1,0,0,41,20,33,37.7,Matches,Liverpool
Conor Bradley,nir NIR,DF,21.0,8.4,4,0,0,12,14,1,7,4,10,0,0,0,51,11,7,61.1,Matches,Liverpool
Joe Gomez,eng ENG,DF,27.0,5.8,1,0,0,2,3,0,2,7,10,0,0,0,34,9,4,69.2,Matches,Liverpool
Jarell Quansah,eng ENG,DF,21.0,5.5,2,0,0,9,1,0,2,7,8,0,1,1,19,7,10,41.2,Matches,Liverpool
Harvey Elliott,eng ENG,MF,21.0,4.1,1,0,0,0,1,1,12,1,3,0,0,0,15,1,2,33.3,Matches,Liverpool
Wataru Endo,jp JPN,"MF,DF",31.0,3.0,0,0,0,15,7,0,1,6,8,0,0,0,14,3,4,42.9,Matches,Liverpool
Federico Chiesa,it ITA,FW,26.0,1.2,0,0,0,3,2,0,2,0,0,0,0,0,6,0,4,0.0,Matches,Liverpool
Vitezslav Jaros,cz CZE,GK,23.0,0.1,0,0,0,0,0,0,0,0,0,0,0,0,0,0,0,,Matches,Liverpool
Jayden Danns,eng ENG,MF,18.0,0.1,0,0,0,0,0,0,0,0,0,0,0,0,0,0,0,,Matches,Liverpool
Squad Total,,,27.2,38.0,67,3,1,430,359,60,729,299,391,6,2,2,1621,406,368,52.5,,Liverpool
Opponent Total,,,26.1,38.0,84,2,2,371,419,96,500,320,402,2,9,1,1576,368,406,47.5,,Liverpool
Pedro Porro,es ESP,DF,24,29.0,5,0,0,25,33,1,196,36,49,0,0,0,152,12,23,34.3,Matches,Tottenham Hotspur
Dejan Kulusevski,se SWE,"MF,FW",24,26.5,3,0,0,48,38,5,89,13,23,0,0,0,121,10,15,40.0,Matches,Tottenham Hotspur
Dominic Solanke,eng ENG,FW,26,24.5,0,0,0,36,36,5,4,1,11,0,0,1,38,46,60,43.4,Matches,Tottenham Hotspur
Brennan Johnson,wls WAL,FW,23,24.2,5,0,0,27,26,12,53,4,26,2,0,0,63,7,20,25.9,Matches,Tottenham Hotspur
Guglielmo Vicario,it ITA,GK,27,24.0,1,0,0,0,2,0,0,1,0,0,0,0,32,9,0,100.0,Matches,Tottenham Hotspur
Son Heung-min,kr KOR,FW,32,23.4,1,0,0,6,28,12,78,5,9,1,0,0,85,6,12,33.3,Matches,Tottenham Hotspur
Destiny Udogie,it ITA,DF,21,21.4,2,0,0,29,38,3,19,22,47,0,0,1,111,13,13,50.0,Matches,Tottenham Hotspur
Pape Matar Sarr,sn SEN,MF,21,21.3,6,0,0,34,35,2,14,30,36,0,1,0,115,34,45,43.0,Matches,Tottenham Hotspur
James Maddison,eng ENG,MF,27,20.1,6,0,0,32,64,4,98,12,19,0,0,0,76,5,7,41.7,Matches,Tottenham Hotspur
Rodrigo Bentancur,uy URU,MF,27,18.3,9,0,0,34,10,1,4,40,22,0,0,0,121,36,30,54.5,Matches,Tottenham Hotspur
,,,,,Performance,Performance,Performance,Performance,Performance,Performance,Performance,Performance,Performance,Performance,Performance,Performance,Performance,Aerial Duels,Aerial Duels,Aerial Duels,,Tottenham Hotspur
Player,Nation,Pos,Age,90s,CrdY,CrdR,2CrdY,Fls,Fld,Off,Crs,Int,TklW,PKwon,PKcon,OG,Recov,Won,Lost,Won%,Matches,Tottenham Hotspur
Djed Spence,eng ENG,DF,23,19.9,4,1,1,21,23,2,25,21,34,0,0,1,109,21,14,60.0,Matches,Tottenham Hotspur
Archie Gray,eng ENG,"DF,MF",18,19.5,1,0,0,17,11,0,17,19,8,0,0,1,69,11,11,50.0,Matches,Tottenham Hotspur
Cristian Romero,ar ARG,DF,26,15.7,3,0,0,14,12,2,3,21,29,0,0,0,90,41,27,60.3,Matches,Tottenham Hotspur
Yves Bissouma,ml MLI,MF,27,15.6,7,0,0,28,18,0,2,18,31,0,2,0,85,7,7,50.0,Matches,Tottenham Hotspur
Ben Davies,wls WAL,DF,31,14.8,5,0,0,17,7,0,4,12,11,0,0,0,41,52,44,54.2,Matches,Tottenham Hotspur
Radu Drăgușin,ro ROU,DF,22,13.9,1,0,0,6,10,0,1,15,6,0,0,0,48,33,22,60.0,Matches,Tottenham Hotspur
Micky van de Ven,nl NED,DF,23,11.3,4,0,0,10,9,0,0,10,6,0,0,0,63,19,20,48.7,Matches,Tottenham Hotspur
Lucas Bergvall,se SWE,MF,18,13.5,3,0,0,20,17,0,21,24,19,0,0,0,73,9,8,52.9,Matches,Tottenham Hotspur
Mathys Tel,fr FRA,FW,19,10.1,2,0,0,14,16,1,35,2,6,1,0,0,38,4,7,36.4,Matches,Tottenham Hotspur
Wilson Odobert,fr FRA,"FW,MF",19,9.4,0,0,0,2,3,1,25,4,5,0,0,0,34,4,8,33.3,Matches,Tottenham Hotspur
,,,,,Performance,Performance,Performance,Performance,Performance,Performance,Performance,Performance,Performance,Performance,Performance,Performance,Performance,Aerial Duels,Aerial Duels,Aerial Duels,,Tottenham Hotspur
Player,Nation,Pos,Age,90s,CrdY,CrdR,2CrdY,Fls,Fld,Off,Crs,Int,TklW,PKwon,PKcon,OG,Recov,Won,Lost,Won%,Matches,Tottenham Hotspur
Kevin Danso,at AUT,DF,25,9.4,0,0,0,9,13,0,1,6,5,0,0,0,27,21,12,63.6,Matches,Tottenham Hotspur
Fraser Forster,eng ENG,GK,36,7.0,0,0,0,0,0,0,0,0,0,0,0,0,1,1,0,100.0,Matches,Tottenham Hotspur
Antonín Kinský,cz CZE,GK,21,6.0,0,0,0,0,0,0,0,0,1,0,0,0,6,2,0,100.0,Matches,Tottenham Hotspur
Timo Werner,de GER,"FW,MF",28,5.7,0,0,0,3,5,5,28,1,4,0,0,0,18,0,1,0.0,Matches,Tottenham Hotspur
Richarlison,br BRA,FW,27,5.6,2,0,0,7,13,3,7,0,3,0,0,0,11,10,23,30.3,Matches,Tottenham Hotspur
Mikey Moore,eng ENG,FW,16,4.1,0,0,0,3,7,3,16,1,1,0,0,0,11,1,6,14.3,Matches,Tottenham Hotspur
Sergio Reguilón,es ESP,DF,27,2.2,2,0,0,2,6,0,12,4,3,0,0,0,14,5,2,71.4,Matches,Tottenham Hotspur
Brandon Austin,eng ENG,GK,25,1.0,0,0,0,0,2,0,0,0,0,0,0,0,1,2,0,100.0,Matches,Tottenham Hotspur
Dane Scarlett,eng ENG,"FW,MF",20,0.4,0,0,0,0,1,1,0,0,0,0,0,0,3,1,0,100.0,Matches,Tottenham Hotspur
Alfie Dorrington,eng ENG,DF,19,0.2,0,0,0,0,0,0,0,0,0,0,0,0,3,0,0,,Matches,Tottenham Hotspur
Will Lankshear,eng ENG,"FW,MF",19,0.1,0,0,0,2,0,0,0,0,0,0,0,0,0,0,0,,Matches,Tottenham Hotspur
Squad Total,,,25.0,38.0,72,1,1,446,483,63,752,322,414,4,3,4,1659,422,437,49.1,,Tottenham Hotspur
Opponent Total,,,26.2,38.0,85,3,0,494,431,87,697,391,548,3,4,3,1652,437,422,50.9,,Tottenham Hotspur
David Raya,es ESP,GK,28.0,38.0,3,0,0,1,10,0,0,2,0,0,1,0,41,13,0,100.0,Matches,Arsenal
William Saliba,fr FRA,DF,23.0,33.8,2,1,0,28,17,1,3,21,37,0,1,0,154,61,36,62.9,Matches,Arsenal
Declan Rice,eng ENG,MF,25.0,31.4,7,1,1,21,16,2,164,25,25,0,0,0,156,37,25,59.7,Matches,Arsenal
Thomas Partey,gh GHA,"MF,DF",31.0,31.1,4,0,0,45,31,1,12,35,53,0,0,0,138,28,27,50.9,Matches,Arsenal
Leandro Trossard,be BEL,FW,29.0,28.3,4,1,1,27,46,6,86,9,20,0,0,0,104,6,24,20.0,Matches,Arsenal
Gabriel Magalhães,br BRA,DF,26.0,26.3,4,0,0,19,19,0,9,16,15,1,0,0,63,53,37,58.9,Matches,Arsenal
Jurriën Timber,nl NED,DF,23.0,26.9,7,0,0,31,29,6,28,22,38,0,0,0,94,22,20,52.4,Matches,Arsenal
Martin Ødegaard,no NOR,MF,25.0,25.8,4,0,0,12,23,1,86,6,11,0,0,0,97,8,7,53.3,Matches,Arsenal
Gabriel Martinelli,br BRA,"FW,MF",23.0,25.4,1,0,0,16,21,8,92,5,15,0,0,0,78,17,39,30.4,Matches,Arsenal
Kai Havertz,de GER,"FW,MF",25.0,20.8,5,0,0,38,23,14,11,6,9,0,0,0,41,63,78,44.7,Matches,Arsenal
Bukayo Saka,eng ENG,"FW,MF",22.0,19.2,3,0,0,15,39,7,117,3,15,1,0,0,70,10,20,33.3,Matches,Arsenal
Mikel Merino,es ESP,"MF,FW",28.0,17.6,4,1,1,41,23,7,13,15,28,0,0,0,86,59,55,51.8,Matches,Arsenal
Myles Lewis-Skelly,eng ENG,DF,17.0,15.2,3,2,0,11,47,0,10,7,14,0,1,0,53,11,10,52.4,Matches,Arsenal
Ben White,eng ENG,DF,26.0,13.3,2,0,0,10,5,1,17,16,14,0,0,0,37,18,9,66.7,Matches,Arsenal
Riccardo Calafiori,it ITA,DF,22.0,10.9,4,0,0,16,6,3,11,9,19,0,0,0,35,22,14,61.1,Matches,Arsenal
Ethan Nwaneri,eng ENG,"FW,MF",17.0,9.9,1,0,0,9,5,6,54,2,7,0,0,0,34,4,8,33.3,Matches,Arsenal
Jakub Kiwior,pl POL,DF,24.0,12.5,1,0,0,10,4,1,2,6,8,0,0,0,31,11,13,45.8,Matches,Arsenal
Jorginho,it ITA,MF,32.0,7.8,5,0,0,15,17,0,1,7,4,0,0,0,55,1,6,14.3,Matches,Arsenal
Raheem Sterling,eng ENG,"FW,MF",29.0,5.5,1,0,0,12,8,4,16,1,4,0,0,0,16,1,3,25.0,Matches,Arsenal
Gabriel Jesus,br BRA,FW,27.0,6.8,4,0,0,14,10,9,7,4,6,0,0,0,28,9,18,33.3,Matches,Arsenal
Oleksandr Zinchenko,ua UKR,"DF,MF",27.0,5.9,1,0,0,8,3,1,13,5,1,0,0,0,19,12,11,52.2,Matches,Arsenal
Kieran Tierney,sct SCO,"DF,FW",27.0,2.9,0,0,0,1,2,2,14,3,5,0,0,0,6,5,5,50.0,Matches,Arsenal
Nathan Butler-Oyedeji,eng ENG,FW,21.0,0.1,0,0,0,0,0,0,0,0,0,0,0,0,0,0,0,,Matches,Arsenal
Takehiro Tomiyasu,jp JPN,DF,25.0,0.1,0,0,0,0,0,0,0,0,0,0,0,0,0,0,0,,Matches,Arsenal
Reiss Nelson,eng ENG,FW,24.0,0.0,0,0,0,1,1,0,0,0,0,0,0,0,0,0,0,,Matches,Arsenal
Squad Total,,,25.8,38.0,70,6,3,401,405,80,766,225,348,2,3,0,1436,471,465,50.3,,Arsenal
Opponent Total,,,26.1,38.0,83,2,1,416,390,38,534,261,420,3,2,2,1337,465,471,49.7,,Arsenal
Joško Gvardiol,hr CRO,DF,22,36.4,2,0,0,16,27,3,22,44,39,0,0,0,137,54,41,56.8,Matches,Manchester City
Erling Haaland,no NOR,FW,24,30.4,2,0,0,24,13,4,3,5,6,0,0,0,34,57,50,53.3,Matches,Manchester City
Bernardo Silva,pt POR,"MF,FW",29,29.7,7,0,0,27,32,3,60,23,37,0,0,0,107,5,10,33.3,Matches,Manchester City
Ederson,br BRA,GK,30,25.8,4,0,0,1,0,0,0,1,0,0,1,0,42,4,1,80.0,Matches,Manchester City
Rúben Dias,pt POR,DF,27,25.2,4,0,0,12,8,0,3,20,11,0,1,1,78,37,34,52.1,Matches,Manchester City
İlkay Gündoğan,de GER,MF,33,24.7,1,0,0,15,27,1,60,13,13,1,0,0,116,14,11,56.0,Matches,Manchester City
Mateo Kovačić,hr CRO,MF,30,24.4,5,1,0,24,26,0,0,24,38,0,0,0,114,10,9,52.6,Matches,Manchester City
Manuel Akanji,ch SUI,DF,29,22.4,3,0,0,17,9,0,11,9,12,0,0,0,103,30,33,47.6,Matches,Manchester City
Rico Lewis,eng ENG,"DF,MF",19,21.0,5,1,1,12,34,0,6,13,19,0,0,0,95,6,14,30.0,Matches,Manchester City
Sávio,br BRA,"FW,MF",20,19.6,3,0,0,17,28,3,84,6,17,2,0,0,79,1,2,33.3,Matches,Manchester City
,,,,,Performance,Performance,Performance,Performance,Performance,Performance,Performance,Performance,Performance,Performance,Performance,Performance,Performance,Aerial Duels,Aerial Duels,Aerial Duels,,Manchester City
Player,Nation,Pos,Age,90s,CrdY,CrdR,2CrdY,Fls,Fld,Off,Crs,Int,TklW,PKwon,PKcon,OG,Recov,Won,Lost,Won%,Matches,Manchester City
Phil Foden,eng ENG,"MF,FW",24,19.7,2,0,0,5,34,3,80,9,5,0,0,0,61,3,9,25.0,Matches,Manchester City
Kevin De Bruyne,be BEL,"MF,FW",33,18.9,2,0,0,17,18,5,145,7,9,0,0,0,64,5,16,23.8,Matches,Manchester City
Matheus Nunes,pt POR,"DF,MF",25,18.6,4,0,0,30,20,6,45,15,22,0,1,0,70,14,19,42.4,Matches,Manchester City
Jeremy Doku,be BEL,"FW,MF",22,16.8,1,0,0,10,33,5,59,4,22,0,0,0,63,0,12,0.0,Matches,Manchester City
Omar Marmoush,eg EGY,"FW,MF",25,13.1,0,0,0,15,20,10,28,6,8,1,0,0,37,5,11,31.3,Matches,Manchester City
Stefan Ortega,de GER,GK,31,12.2,1,0,0,1,2,0,0,0,0,0,1,0,8,2,0,100.0,Matches,Manchester City
Kyle Walker,eng ENG,DF,34,10.8,3,0,0,6,5,1,14,3,10,0,0,0,46,9,7,56.3,Matches,Manchester City
Nicolás González,es ESP,MF,22,8.4,3,0,0,13,5,0,1,8,6,0,0,0,31,16,12,57.1,Matches,Manchester City
Nathan Aké,nl NED,DF,29,7.5,0,0,0,2,0,0,1,3,7,0,0,0,24,13,10,56.5,Matches,Manchester City
Jack Grealish,eng ENG,"FW,MF",28,8.0,3,0,0,5,25,0,20,2,5,0,0,0,26,1,7,12.5,Matches,Manchester City
,,,,,Performance,Performance,Performance,Performance,Performance,Performance,Performance,Performance,Performance,Performance,Performance,Performance,Performance,Aerial Duels,Aerial Duels,Aerial Duels,,Manchester City
Player,Nation,Pos,Age,90s,CrdY,CrdR,2CrdY,Fls,Fld,Off,Crs,Int,TklW,PKwon,PKcon,OG,Recov,Won,Lost,Won%,Matches,Manchester City
John Stones,eng ENG,"DF,MF",30,6.1,1,0,0,2,2,0,0,4,2,0,0,0,22,8,6,57.1,Matches,Manchester City
Nico O’Reilly,eng ENG,DF,19,5.9,0,0,0,6,4,1,8,4,4,0,0,0,31,6,9,40.0,Matches,Manchester City
Abdukodir Khusanov,uz UZB,DF,20,5.6,1,0,0,3,3,0,1,3,4,0,0,1,27,6,4,60.0,Matches,Manchester City
James Mcatee,eng ENG,"MF,FW",21,3.9,1,0,0,6,3,0,8,2,2,0,0,0,8,2,3,40.0,Matches,Manchester City
Jahmai Simpson-Pusey,eng ENG,DF,18,1.1,1,0,0,0,1,0,0,0,0,0,0,0,3,1,3,25.0,Matches,Manchester City
Rodri,es ESP,MF,28,0.8,0,0,0,1,2,0,0,1,1,0,0,0,7,1,0,100.0,Matches,Manchester City
Divin Mubama,eng ENG,FW,19,0.3,0,0,0,0,0,0,0,0,0,0,0,0,1,0,1,0.0,Matches,Manchester City
Oscar Bobb,no NOR,FW,21,0.2,0,0,0,0,1,0,0,0,0,0,0,0,2,0,0,,Matches,Manchester City
Claudio Echeverri,ar ARG,FW,18,0.1,0,0,0,0,0,0,0,0,0,0,0,0,1,0,0,,Matches,Manchester City
Vitor Reis,br BRA,DF,18,0.0,0,0,0,0,0,0,0,0,0,0,0,0,0,0,0,,Matches,Manchester City
Squad Total,,,26.8,38.0,59,2,1,287,382,45,659,229,299,4,4,2,1437,310,334,48.1,,Manchester City
Opponent Total,,,26.2,38.0,88,2,1,387,276,85,455,310,399,4,4,1,1319,334,310,51.9,,Manchester City
Moisés Caicedo,ec ECU,"MF,DF",22.0,37.2,11,0,0,70,58,0,10,49,73,2,1,0,229,35,16,68.6,Matches,Chelsea
Cole Palmer,eng ENG,"MF,FW",22.0,35.5,7,0,0,15,60,7,144,11,20,1,0,0,106,2,7,22.2,Matches,Chelsea
Levi Colwill,eng ENG,DF,21.0,35.0,9,0,0,45,21,5,13,33,34,0,1,0,121,82,53,60.7,Matches,Chelsea
Marc Cucurella,es ESP,DF,26.0,33.2,10,1,1,37,38,3,31,28,45,0,0,0,130,32,57,36.0,Matches,Chelsea
Enzo Fernández,ar ARG,MF,23.0,32.7,8,0,0,52,54,2,109,13,33,0,0,0,156,14,29,32.6,Matches,Chelsea
Robert Sánchez,es ESP,GK,26.0,32.0,5,0,0,2,4,0,0,2,0,0,2,0,43,12,0,100.0,Matches,Chelsea
Nicolas Jackson,sn SEN,FW,23.0,24.7,7,1,0,35,29,23,3,3,13,0,0,0,48,21,36,36.8,Matches,Chelsea
Noni Madueke,eng ENG,FW,22.0,22.6,3,0,0,22,25,5,63,10,18,0,0,0,84,11,19,36.7,Matches,Chelsea
Pedro Neto,pt POR,FW,24.0,25.2,8,0,0,21,33,3,149,9,9,0,0,0,81,11,30,26.8,Matches,Chelsea
Malo Gusto,fr FRA,DF,21.0,20.7,4,0,0,20,20,2,53,24,29,0,0,0,119,9,15,37.5,Matches,Chelsea
Jadon Sancho,eng ENG,FW,24.0,19.6,2,0,0,6,11,6,25,2,7,2,0,0,99,6,11,35.3,Matches,Chelsea
Tosin Adarabioyo,eng ENG,DF,26.0,15.7,4,0,0,8,9,1,0,11,13,0,0,0,41,42,28,60.0,Matches,Chelsea
Wesley Fofana,fr FRA,DF,23.0,13.0,7,0,0,24,16,0,1,14,12,0,0,0,54,27,12,69.2,Matches,Chelsea
Reece James,eng ENG,"DF,MF",24.0,11.8,1,0,0,8,11,0,43,13,9,0,0,0,66,23,9,71.9,Matches,Chelsea
Trevoh Chalobah,eng ENG,DF,25.0,10.1,2,0,0,9,7,0,3,10,7,0,0,0,29,23,12,65.7,Matches,Chelsea
Roméo Lavia,be BEL,MF,20.0,8.9,4,0,0,16,7,0,0,16,13,0,1,0,40,12,6,66.7,Matches,Chelsea
Christopher Nkunku,fr FRA,FW,26.0,10.2,2,0,0,16,11,3,4,7,8,0,0,0,29,16,22,42.1,Matches,Chelsea
Filip Jørgensen,dk DEN,GK,22.0,6.0,0,0,0,1,1,0,0,0,0,0,1,0,5,0,0,,Matches,Chelsea
Axel Disasi,fr FRA,DF,26.0,4.0,1,0,0,2,0,0,0,2,4,0,0,0,15,5,2,71.4,Matches,Chelsea
João Félix,pt POR,"FW,MF",24.0,4.1,2,0,0,6,17,1,0,3,3,0,0,0,22,4,5,44.4,Matches,Chelsea
Benoît Badiashile,fr FRA,DF,23.0,3.7,0,0,0,6,2,0,0,6,6,0,0,0,18,8,2,80.0,Matches,Chelsea
Kiernan Dewsbury-Hall,eng ENG,"MF,FW",25.0,2.9,0,0,0,4,6,0,2,2,5,0,0,0,9,0,1,0.0,Matches,Chelsea
Joshua Acheampong,eng ENG,DF,18.0,1.9,1,0,0,0,1,0,0,1,1,0,0,0,7,1,6,14.3,Matches,Chelsea
Tyrique George,eng ENG,FW,18.0,2.0,1,0,0,3,0,2,3,2,0,0,0,0,4,0,4,0.0,Matches,Chelsea
Renato Veiga,pt POR,"DF,MF",21.0,2.0,2,0,0,6,1,1,0,1,6,0,0,0,9,3,3,50.0,Matches,Chelsea
Mykhailo Mudryk,ua UKR,FW,23.0,1.7,0,0,0,2,2,1,7,0,2,0,0,0,9,2,4,33.3,Matches,Chelsea
Marc Guiu,es ESP,FW,18.0,0.8,0,0,0,0,0,0,0,0,1,0,0,0,2,0,1,0.0,Matches,Chelsea
Mathis Amougou,fr FRA,MF,18.0,0.1,0,0,0,0,0,0,0,0,0,0,0,0,2,0,0,,Matches,Chelsea
Shumaira Mheuka,eng ENG,MF,16.0,0.0,0,0,0,0,0,0,0,0,0,0,0,0,0,1,0,100.0,Matches,Chelsea
Squad Total,,,23.7,38.0,101,2,1,436,444,65,663,272,371,5,6,0,1577,402,390,50.8,,Chelsea
Opponent Total,,,26.5,38.0,98,2,1,457,422,88,543,286,368,6,5,3,1483,390,402,49.2,,Chelsea
Bruno Guimarães,br BRA,MF,26.0,36.3,7,0,0,65,108,2,28,29,47,0,0,0,188,18,19,48.6,Matches,Newcastle United
Dan Burn,eng ENG,DF,32.0,37.0,11,0,0,34,12,5,3,27,24,0,0,2,103,146,75,66.1,Matches,Newcastle United
Alexander Isak,se SWE,FW,24.0,30.6,1,0,0,27,14,20,16,3,5,1,0,0,55,26,55,32.1,Matches,Newcastle United
Fabian Schär,ch SUI,DF,32.0,32.6,9,1,0,35,15,4,13,45,21,0,0,0,134,56,71,44.1,Matches,Newcastle United
Valentino Livramento,eng ENG,DF,21.0,31.6,1,0,0,6,35,2,52,23,36,0,0,0,189,27,35,43.5,Matches,Newcastle United
Jacob Murphy,eng ENG,FW,29.0,26.2,4,0,0,11,15,3,120,13,19,1,0,0,98,5,16,23.8,Matches,Newcastle United
Joelinton,br BRA,"MF,FW",27.0,26.6,10,0,0,58,35,7,16,23,35,0,0,0,149,59,46,56.2,Matches,Newcastle United
Sandro Tonali,it ITA,MF,24.0,29.2,5,0,0,37,49,2,54,34,32,1,0,0,177,12,12,50.0,Matches,Newcastle United
Nick Pope,eng ENG,GK,32.0,28.0,2,0,0,2,5,0,0,1,0,0,2,0,24,11,1,91.7,Matches,Newcastle United
Anthony Gordon,eng ENG,"FW,MF",23.0,27.0,2,0,0,20,71,8,131,7,18,1,0,0,97,8,8,50.0,Matches,Newcastle United
Lewis Hall,eng ENG,DF,19.0,24.3,3,0,0,9,21,1,110,18,41,0,0,0,119,30,31,49.2,Matches,Newcastle United
Harvey Barnes,eng ENG,FW,26.0,19.5,0,0,0,15,22,5,47,6,9,0,0,0,55,6,15,28.6,Matches,Newcastle United
Kieran Trippier,eng ENG,DF,33.0,14.5,1,0,0,16,11,2,82,12,21,0,0,0,68,22,15,59.5,Matches,Newcastle United
Joe Willock,eng ENG,"MF,FW",24.0,12.1,4,0,0,23,13,3,18,6,17,0,0,0,40,5,14,26.3,Matches,Newcastle United
Martin Dúbravka,sk SVK,GK,35.0,10.0,0,0,0,0,1,0,0,0,0,0,0,0,18,4,0,100.0,Matches,Newcastle United
Sean Longstaff,eng ENG,MF,26.0,8.9,2,0,0,9,6,0,5,7,16,0,0,0,31,7,7,50.0,Matches,Newcastle United
Sven Botman,nl NED,DF,24.0,4.6,1,0,0,5,4,0,0,5,9,0,0,0,14,17,9,65.4,Matches,Newcastle United
Lloyd Kelly,eng ENG,DF,25.0,3.4,2,0,0,5,5,1,1,1,4,0,0,0,19,6,2,75.0,Matches,Newcastle United
Callum Wilson,eng ENG,FW,32.0,4.1,1,0,0,4,1,3,2,1,2,0,0,0,11,2,16,11.1,Matches,Newcastle United
Emil Krafth,se SWE,DF,29.0,3.8,2,0,0,5,2,0,2,2,2,0,0,0,19,8,8,50.0,Matches,Newcastle United
Lewis Miley,eng ENG,MF,18.0,3.5,0,0,0,3,1,0,0,2,11,0,0,0,16,6,7,46.2,Matches,Newcastle United
Miguel Almirón,py PAR,FW,30.0,1.7,0,0,0,1,3,2,0,0,2,0,0,0,4,0,2,0.0,Matches,Newcastle United
William Osula,dk DEN,FW,20.0,1.5,0,0,0,4,1,1,4,4,0,0,0,0,2,6,2,75.0,Matches,Newcastle United
Matt Targett,eng ENG,DF,28.0,0.2,0,0,0,0,0,0,1,1,0,0,0,0,2,0,0,,Matches,Newcastle United
Squad Total,,,27.4,38.0,68,1,0,394,450,71,705,270,371,4,2,2,1632,487,466,51.1,,Newcastle United
Opponent Total,,,26.3,38.0,97,3,1,464,385,43,651,301,433,2,6,2,1634,466,487,48.9,,Newcastle United
Dean Henderson,eng ENG,GK,27.0,38.0,3,0,0,0,2,0,0,0,1,0,0,0,26,11,1,91.7,Matches,Crystal Palace
Daniel Muñoz,co COL,DF,28.0,35.9,10,0,0,56,19,15,74,44,80,0,0,0,171,58,78,42.6,Matches,Crystal Palace
Tyrick Mitchell,eng ENG,DF,24.0,34.4,2,0,0,23,25,2,105,19,55,1,0,0,168,20,21,48.8,Matches,Crystal Palace
Maxence Lacroix,fr FRA,DF,24.0,34.6,5,0,0,34,19,1,7,54,41,0,1,0,130,60,50,54.5,Matches,Crystal Palace
Marc Guéhi,eng ENG,DF,24.0,34.0,9,1,1,24,27,1,13,28,34,0,0,3,146,68,58,54.0,Matches,Crystal Palace
Jean-Philippe Mateta,fr FRA,FW,27.0,29.4,2,0,0,27,28,21,26,2,12,0,0,0,68,63,107,37.1,Matches,Crystal Palace
Eberechi Eze,eng ENG,"MF,FW",26.0,28.8,1,0,0,13,51,9,112,11,22,0,0,0,146,7,37,15.9,Matches,Crystal Palace
Ismaila Sarr,sn SEN,MF,26.0,30.1,4,0,0,14,56,11,55,9,10,1,0,0,113,37,52,41.6,Matches,Crystal Palace
Jefferson Lerma,co COL,"MF,DF",29.0,25.3,9,0,0,35,39,0,12,42,17,0,0,0,154,41,39,51.3,Matches,Crystal Palace
Will Hughes,eng ENG,MF,29.0,23.4,11,0,0,65,31,0,71,22,36,0,1,0,121,19,18,51.4,Matches,Crystal Palace
Chris Richards,us USA,DF,24.0,21.4,4,1,1,11,5,1,5,19,30,1,0,0,51,48,41,53.9,Matches,Crystal Palace
Adam Wharton,eng ENG,MF,20.0,14.6,2,0,0,12,21,0,39,20,14,0,0,0,102,7,16,30.4,Matches,Crystal Palace
Daichi Kamada,jp JPN,MF,27.0,17.4,4,1,0,28,21,2,31,18,29,0,0,0,89,4,13,23.5,Matches,Crystal Palace
Trevoh Chalobah,eng ENG,DF,25.0,11.8,1,0,0,10,15,1,7,19,16,0,0,0,56,22,19,53.7,Matches,Crystal Palace
Eddie Nketiah,eng ENG,"FW,MF",25.0,11.5,6,1,1,31,29,5,5,3,8,1,0,0,26,21,38,35.6,Matches,Crystal Palace
Nathaniel Clyne,eng ENG,"DF,MF",33.0,5.4,1,0,0,2,2,0,7,3,8,0,0,0,10,1,7,12.5,Matches,Crystal Palace
Justin Devenny,nir NIR,MF,20.0,5.6,1,0,0,8,0,1,17,0,12,0,0,0,27,2,13,13.3,Matches,Crystal Palace
Cheick Doucouré,ml MLI,MF,24.0,5.0,1,0,0,7,7,0,1,11,8,0,0,0,31,5,5,50.0,Matches,Crystal Palace
Ben Chilwell,eng ENG,DF,27.0,2.9,1,0,0,2,3,2,7,6,6,0,0,0,20,3,4,42.9,Matches,Crystal Palace
Romain Esse,eng ENG,MF,19.0,1.5,0,0,0,2,3,0,0,1,6,0,0,0,9,3,2,60.0,Matches,Crystal Palace
Odsonne Édouard,fr FRA,"MF,FW",26.0,1.3,0,0,0,4,0,2,1,0,0,0,0,0,5,1,4,20.0,Matches,Crystal Palace
Joachim Andersen,dk DEN,DF,28.0,1.0,1,0,0,2,0,0,1,0,1,0,0,0,7,2,0,100.0,Matches,Crystal Palace
Chadi Riad,ma MAR,DF,21.0,1.0,0,0,0,1,0,0,0,2,2,0,0,0,4,2,4,33.3,Matches,Crystal Palace
Joel Ward,eng ENG,DF,34.0,0.8,1,0,0,4,0,0,0,0,0,0,0,0,7,1,0,100.0,Matches,Crystal Palace
Jeffrey Schlupp,gh GHA,"MF,DF",31.0,1.1,0,0,0,1,0,0,4,0,0,0,0,0,6,3,4,42.9,Matches,Crystal Palace
Matheus França,br BRA,"MF,FW",20.0,0.6,0,0,0,0,0,0,1,1,0,0,0,0,3,1,2,33.3,Matches,Crystal Palace
Jordan Ayew,gh GHA,"FW,MF",32.0,0.2,1,0,0,1,0,0,1,0,0,0,0,0,1,1,1,50.0,Matches,Crystal Palace
Caleb Kporha,eng ENG,DF,18.0,0.1,0,0,0,0,0,0,2,0,1,0,0,0,1,0,1,0.0,Matches,Crystal Palace
Asher Agbinone,eng ENG,MF,18.0,0.1,0,0,0,0,0,0,1,0,1,0,0,0,0,0,1,0.0,Matches,Crystal Palace
Squad Total,,,26.2,38.0,80,4,3,417,403,74,605,334,450,4,2,3,1698,511,636,44.6,,Crystal Palace
Opponent Total,,,26.1,38.0,84,4,3,418,398,47,716,342,319,2,4,2,1723,636,511,55.4,,Crystal Palace
Emiliano Martínez,ar ARG,GK,31.0,35.5,5,1,0,2,6,0,0,0,3,0,0,0,34,10,1,90.9,Matches,Aston Villa
Morgan Rogers,eng ENG,"FW,MF",22.0,34.6,10,0,0,50,51,2,27,6,22,1,0,0,119,13,52,20.0,Matches,Aston Villa
Youri Tielemans,be BEL,MF,27.0,33.6,4,0,0,41,56,0,119,23,58,0,0,0,145,22,18,55.0,Matches,Aston Villa
Ezri Konsa,eng ENG,DF,26.0,32.6,1,0,0,9,47,1,5,24,18,0,0,0,97,31,23,57.4,Matches,Aston Villa
Ollie Watkins,eng ENG,FW,28.0,28.9,2,0,0,29,33,16,7,8,7,2,0,0,43,52,71,42.3,Matches,Aston Villa
Lucas Digne,fr FRA,DF,31.0,26.1,4,0,0,21,16,7,140,25,38,0,0,0,104,37,28,56.9,Matches,Aston Villa
John McGinn,sct SCO,"MF,FW",29.0,24.7,7,0,0,43,69,3,60,14,24,1,0,0,100,17,12,58.6,Matches,Aston Villa
Matty Cash,pl POL,DF,26.0,23.0,7,0,0,27,20,1,40,23,32,0,2,0,81,20,20,50.0,Matches,Aston Villa
Pau Torres,es ESP,DF,27.0,22.4,2,0,0,8,7,0,3,10,15,0,0,0,62,18,29,38.3,Matches,Aston Villa
Boubacar Kamara,fr FRA,MF,24.0,19.2,2,0,0,30,35,0,1,19,21,0,0,0,87,21,26,44.7,Matches,Aston Villa
Amadou Onana,be BEL,MF,22.0,18.0,4,0,0,32,30,0,2,26,30,0,0,0,72,32,21,60.4,Matches,Aston Villa
Jacob Ramsey,eng ENG,"FW,MF",23.0,18.0,4,1,1,13,28,5,12,8,15,1,0,0,83,7,13,35.0,Matches,Aston Villa
Leon Bailey,jm JAM,"FW,MF",26.0,12.7,3,0,0,12,18,3,34,3,5,1,0,0,59,6,9,40.0,Matches,Aston Villa
Tyrone Mings,eng ENG,DF,31.0,12.4,1,0,0,4,11,0,1,7,6,0,0,0,38,27,22,55.1,Matches,Aston Villa
Ian Maatsen,nl NED,DF,22.0,12.7,2,0,0,11,9,3,51,15,17,0,1,0,67,10,6,62.5,Matches,Aston Villa
Marco Asensio,es ESP,MF,28.0,8.3,2,0,0,11,8,2,38,2,5,0,0,0,28,0,1,0.0,Matches,Aston Villa
Diego Carlos,br BRA,DF,31.0,9.2,1,0,0,11,1,1,0,5,3,0,0,0,36,11,10,52.4,Matches,Aston Villa
Axel Disasi,fr FRA,DF,26.0,5.4,2,0,0,3,2,2,1,5,5,0,0,0,15,8,6,57.1,Matches,Aston Villa
Lamare Bogarde,nl NED,"DF,MF",20.0,5.3,2,0,0,8,11,0,0,1,6,0,0,0,13,6,6,50.0,Matches,Aston Villa
Andrés García,es ESP,"DF,MF",21.0,3.5,0,0,0,1,0,0,18,2,5,0,0,0,15,0,6,0.0,Matches,Aston Villa
Jáder Durán,co COL,FW,20.0,7.1,3,1,0,14,15,5,3,0,7,0,0,0,19,19,19,50.0,Matches,Aston Villa
Marcus Rashford,eng ENG,FW,26.0,4.9,0,0,0,1,3,1,28,1,7,0,0,0,14,1,8,11.1,Matches,Aston Villa
Ross Barkley,eng ENG,MF,30.0,6.5,3,0,0,8,3,0,1,10,3,0,0,0,43,6,4,60.0,Matches,Aston Villa
Jaden Philogene Bidace,eng ENG,"FW,MF",22.0,3.7,4,1,1,12,8,1,4,3,5,0,0,0,21,0,5,0.0,Matches,Aston Villa
Donyell Malen,nl NED,FW,25.0,3.4,0,0,0,1,5,2,8,0,4,0,0,0,9,4,4,50.0,Matches,Aston Villa
Robin Olsen,se SWE,GK,34.0,2.5,0,0,0,0,0,0,0,0,0,0,0,0,2,0,0,,Matches,Aston Villa
Kosta Nedeljković,rs SRB,DF,18.0,1.4,0,0,0,0,1,0,1,0,5,0,0,0,4,0,1,0.0,Matches,Aston Villa
Emi Buendía,ar ARG,"MF,FW",27.0,1.1,1,0,0,4,6,0,0,0,6,0,0,0,8,0,2,0.0,Matches,Aston Villa
Squad Total,,,27.0,38.0,76,4,2,406,499,55,604,240,372,6,3,0,1418,378,423,47.2,,Aston Villa
Opponent Total,,,26.3,38.0,104,2,1,510,394,93,683,347,387,2,6,2,1539,423,378,52.8,,Aston Villa
Matz Sels,be BEL,GK,32.0,38.0,4,0,0,1,10,0,0,0,1,0,1,0,17,15,2,88.2,Matches,Nottingham Forest
Nikola Milenković,rs SRB,DF,26.0,37.0,4,0,0,20,5,2,0,27,29,0,0,0,85,101,39,72.1,Matches,Nottingham Forest
Murillo,br BRA,DF,22.0,35.4,6,0,0,27,6,0,14,36,36,0,1,0,142,44,22,66.7,Matches,Nottingham Forest
Ola Aina,ng NGA,DF,27.0,33.3,5,0,0,23,35,2,59,33,42,0,1,0,190,13,19,40.6,Matches,Nottingham Forest
Chris Wood,nz NZL,FW,32.0,32.9,1,0,0,25,24,28,1,5,5,0,0,0,50,94,143,39.7,Matches,Nottingham Forest
Morgan Gibbs-White,eng ENG,MF,24.0,31.1,11,1,1,38,40,7,45,23,22,1,0,0,127,40,55,42.1,Matches,Nottingham Forest
Elliot Anderson,eng ENG,MF,21.0,30.3,10,0,0,49,58,4,86,31,56,0,0,0,207,56,30,65.1,Matches,Nottingham Forest
Anthony Elanga,se SWE,"FW,MF",22.0,27.8,1,0,0,9,47,18,185,6,14,0,0,0,89,24,37,39.3,Matches,Nottingham Forest
Neco Williams,wls WAL,DF,23.0,28.8,7,0,0,24,43,2,59,31,57,0,0,0,110,40,30,57.1,Matches,Nottingham Forest
Callum Hudson-Odoi,eng ENG,"FW,MF",23.0,24.4,2,0,0,12,25,8,79,13,14,1,0,0,92,3,10,23.1,Matches,Nottingham Forest
Nicolás Domínguez,ar ARG,"MF,FW",26.0,21.8,9,0,0,33,18,1,7,29,45,0,0,0,114,27,23,54.0,Matches,Nottingham Forest
Ryan Yates,eng ENG,MF,26.0,21.3,10,0,0,53,49,7,8,26,21,0,0,0,104,45,30,60.0,Matches,Nottingham Forest
Álex Moreno,es ESP,"DF,MF",31.0,10.6,2,0,0,12,6,0,19,15,18,0,0,0,50,3,11,21.4,Matches,Nottingham Forest
Ibrahim Sangaré,ci CIV,MF,26.0,6.6,3,0,0,15,8,0,2,6,14,0,0,0,42,10,10,50.0,Matches,Nottingham Forest
Morato,br BRA,DF,23.0,10.1,5,0,0,11,2,0,0,10,14,0,0,0,36,6,14,30.0,Matches,Nottingham Forest
Jota Silva,pt POR,"FW,MF",24.0,9.5,5,0,0,24,23,8,21,12,14,1,0,0,43,21,30,41.2,Matches,Nottingham Forest
James Ward-Prowse,eng ENG,MF,29.0,4.4,2,1,1,7,2,0,19,5,1,0,0,0,19,3,5,37.5,Matches,Nottingham Forest
Danilo,br BRA,"MF,FW",23.0,3.1,0,0,0,2,0,0,3,4,4,0,0,0,19,1,2,33.3,Matches,Nottingham Forest
Taiwo Awoniyi,ng NGA,FW,26.0,4.6,0,0,0,8,10,1,2,0,3,0,0,0,18,13,38,25.5,Matches,Nottingham Forest
Ramón Sosa,py PAR,"FW,MF",24.0,3.3,1,0,0,6,8,3,8,4,3,0,0,0,25,4,7,36.4,Matches,Nottingham Forest
Willy Boly,ci CIV,DF,33.0,1.7,1,0,0,1,0,0,0,3,1,0,0,0,5,6,2,75.0,Matches,Nottingham Forest
Harry Toffolo,eng ENG,DF,28.0,1.5,1,0,0,1,0,0,4,2,3,0,0,0,2,1,0,100.0,Matches,Nottingham Forest
Eric da Silva Moreira,de GER,"MF,DF",18.0,0.3,0,0,0,0,0,0,0,1,2,0,0,0,2,0,0,,Matches,Nottingham Forest
Squad Total,,,26.1,38.0,90,2,2,401,419,91,621,322,419,3,3,0,1588,570,559,50.5,,Nottingham Forest
Opponent Total,,,26.2,38.0,104,2,2,434,390,36,886,265,365,2,3,1,1545,559,570,49.5,,Nottingham Forest
Jamie Vardy,eng ENG,FW,37,31.4,5,0,0,25,23,27,11,5,13,2,0,0,39,50,55,47.6,Matches,Leicester City
James Justin,eng ENG,DF,26,32.4,6,0,0,29,44,2,57,46,37,0,0,0,88,69,55,55.6,Matches,Leicester City
Wout Faes,be BEL,DF,26,31.3,4,0,0,23,11,1,5,26,26,0,0,0,90,45,36,55.6,Matches,Leicester City
Victor Bernth Kristiansen,dk DEN,DF,21,27.6,1,0,0,19,18,3,97,42,51,0,1,1,99,22,42,34.4,Matches,Leicester City
Wilfred Ndidi,ng NGA,MF,27,25.8,8,0,0,39,18,3,30,31,51,0,0,1,127,61,59,50.8,Matches,Leicester City
Mads Hermansen,dk DEN,GK,24,26.5,1,0,0,0,3,0,0,0,1,0,0,0,17,4,1,80.0,Matches,Leicester City
Bilal El Khannouss,ma MAR,"MF,FW",20,24.2,4,0,0,30,13,1,89,6,30,0,0,0,92,19,24,44.2,Matches,Leicester City
Boubakary Soumaré,fr FRA,MF,25,24.1,8,0,0,24,23,0,10,27,20,0,0,0,140,21,11,65.6,Matches,Leicester City
Conor Coady,eng ENG,DF,31,19.0,3,0,0,8,2,1,0,13,9,0,2,0,62,13,22,37.1,Matches,Leicester City
Jordan Ayew,gh GHA,"FW,MF",32,18.2,5,0,0,30,59,7,60,12,15,0,0,0,93,37,80,31.6,Matches,Leicester City
,,,,,Performance,Performance,Performance,Performance,Performance,Performance,Performance,Performance,Performance,Performance,Performance,Performance,Performance,Aerial Duels,Aerial Duels,Aerial Duels,,Leicester City
Player,Nation,Pos,Age,90s,CrdY,CrdR,2CrdY,Fls,Fld,Off,Crs,Int,TklW,PKwon,PKcon,OG,Recov,Won,Lost,Won%,Matches,Leicester City
Harry Winks,eng ENG,MF,28,17.1,4,0,0,9,13,0,34,9,11,0,0,0,106,8,6,57.1,Matches,Leicester City
Stephy Mavididi,eng ENG,FW,26,17.9,2,0,0,18,18,3,69,11,19,0,0,0,83,9,15,37.5,Matches,Leicester City
Jannik Vestergaard,dk DEN,DF,31,15.5,5,0,0,12,4,0,0,16,10,0,0,1,46,26,19,57.8,Matches,Leicester City
Facundo Buonanotte,ar ARG,"FW,MF",19,16.9,8,0,0,37,35,3,43,12,32,0,0,0,79,18,36,33.3,Matches,Leicester City
Luke Thomas,eng ENG,DF,23,12.3,3,0,0,16,10,0,29,21,25,0,1,0,42,13,11,54.2,Matches,Leicester City
Caleb Okoli,it ITA,DF,23,12.5,4,0,0,16,9,0,1,15,14,0,0,0,44,23,21,52.3,Matches,Leicester City
Oliver Skipp,eng ENG,MF,23,12.5,8,0,0,21,13,0,5,11,4,0,0,0,46,12,6,66.7,Matches,Leicester City
Jakub Stolarczyk,pl POL,GK,23,10.0,1,0,0,0,0,0,0,0,1,0,0,0,8,5,0,100.0,Matches,Leicester City
Kasey McAteer,ie IRL,FW,22,9.5,3,0,0,18,15,3,21,5,16,0,0,0,45,13,17,43.3,Matches,Leicester City
Bobby De Cordova-Reid,jm JAM,FW,31,8.3,2,0,0,9,9,4,15,0,4,1,0,0,29,6,14,30.0,Matches,Leicester City
,,,,,Performance,Performance,Performance,Performance,Performance,Performance,Performance,Performance,Performance,Performance,Performance,Performance,Performance,Aerial Duels,Aerial Duels,Aerial Duels,,Leicester City
Player,Nation,Pos,Age,90s,CrdY,CrdR,2CrdY,Fls,Fld,Off,Crs,Int,TklW,PKwon,PKcon,OG,Recov,Won,Lost,Won%,Matches,Leicester City
Patson Daka,zm ZAM,"FW,MF",25,8.2,0,0,0,15,19,3,3,1,10,0,0,0,18,10,28,26.3,Matches,Leicester City
Abdul Fatawu Issahaku,gh GHA,FW,20,6.4,0,0,0,11,20,2,30,4,15,0,0,0,38,14,13,51.9,Matches,Leicester City
Ricardo Pereira,pt POR,DF,30,4.3,1,0,0,6,8,0,3,4,8,0,0,0,19,4,2,66.7,Matches,Leicester City
Danny Ward,wls WAL,GK,31,1.5,0,0,0,0,0,0,0,0,0,0,0,0,1,0,0,,Matches,Leicester City
Hamza Choudhury,bd BAN,"MF,DF",26,1.5,0,0,0,1,0,0,5,5,1,0,0,0,2,0,0,,Matches,Leicester City
Woyo Coulibaly,ml MLI,DF,25,1.2,1,0,0,2,1,0,0,5,4,0,0,0,14,0,3,0.0,Matches,Leicester City
Jeremy Monga,,"FW,MF",15,1.2,0,0,0,0,5,0,4,0,1,0,0,0,10,0,1,0.0,Matches,Leicester City
Odsonne Édouard,fr FRA,FW,26,0.3,0,0,0,2,0,0,0,0,1,0,0,0,1,1,1,50.0,Matches,Leicester City
Jake Evans,,FW,,0.3,0,0,0,0,0,0,0,0,1,0,0,0,0,0,1,0.0,Matches,Leicester City
Olabade Aluko,,DF,,0.0,0,0,0,0,0,0,0,0,1,0,0,0,0,0,0,,Matches,Leicester City
Will Alves,eng ENG,FW,19,0.0,0,0,0,0,0,0,0,0,0,0,0,0,0,0,0,,Matches,Leicester City
Michael Golding,eng ENG,MF,18,0.0,0,0,0,0,0,0,0,0,0,0,0,0,0,0,0,,Matches,Leicester City
Squad Total,,,26.6,38.0,87,0,0,420,393,63,621,327,431,3,4,3,1478,503,579,46.5,,Leicester City
Opponent Total,,,26.3,38.0,58,2,1,403,412,61,751,269,411,3,3,0,1655,579,503,53.5,,Leicester City
Dara O'Shea,ie IRL,DF,25,34.7,6,0,0,21,26,3,8,33,31,0,0,0,110,114,85,57.3,Matches,Ipswich Town
Leif Davis,eng ENG,DF,24,30.5,5,1,0,27,31,5,161,25,27,0,2,0,113,34,23,59.6,Matches,Ipswich Town
Liam Delap,eng ENG,FW,21,28.8,12,0,0,72,51,14,5,2,8,2,0,0,68,55,74,42.6,Matches,Ipswich Town
Sam Morsy,eg EGY,MF,32,30.6,10,0,0,48,27,0,15,29,41,0,1,1,157,18,24,42.9,Matches,Ipswich Town
Omari Hutchinson,eng ENG,"MF,FW",20,28.7,5,0,0,30,46,6,81,11,13,0,0,0,110,6,26,18.8,Matches,Ipswich Town
Jacob Greaves,eng ENG,DF,23,24.5,5,0,0,16,21,1,1,21,21,0,0,0,61,83,40,67.5,Matches,Ipswich Town
Jens Cajuste,se SWE,MF,24,21.8,2,0,0,24,22,0,10,28,22,0,0,0,107,13,22,37.1,Matches,Ipswich Town
Axel Tuanzebe,cd COD,DF,26,19.0,5,1,1,17,12,0,10,23,19,0,0,1,49,22,18,55.0,Matches,Ipswich Town
Arijanet Muric,xk KVX,GK,25,18.0,1,0,0,0,4,0,0,0,0,0,0,0,26,11,1,91.7,Matches,Ipswich Town
Cameron Burgess,au AUS,DF,28,17.1,0,0,0,6,4,1,0,14,12,0,0,0,44,44,22,66.7,Matches,Ipswich Town
,,,,,Performance,Performance,Performance,Performance,Performance,Performance,Performance,Performance,Performance,Performance,Performance,Performance,Performance,Aerial Duels,Aerial Duels,Aerial Duels,,Ipswich Town
Player,Nation,Pos,Age,90s,CrdY,CrdR,2CrdY,Fls,Fld,Off,Crs,Int,TklW,PKwon,PKcon,OG,Recov,Won,Lost,Won%,Matches,Ipswich Town
Ben Johnson,eng ENG,"DF,FW",24,15.0,5,1,1,27,6,1,37,13,22,0,0,0,57,19,18,51.4,Matches,Ipswich Town
Kalvin Phillips,eng ENG,MF,28,13.7,6,1,1,28,20,0,20,19,19,0,0,0,68,7,22,24.1,Matches,Ipswich Town
Alex Palmer,eng ENG,GK,27,13.0,2,0,0,1,4,0,0,0,0,0,0,0,17,5,0,100.0,Matches,Ipswich Town
Sammie Szmodics,ie IRL,"FW,MF",28,11.0,2,0,0,9,8,8,14,6,10,0,1,0,42,6,11,35.3,Matches,Ipswich Town
Luke Woolfenden,eng ENG,DF,25,13.2,2,0,0,5,2,1,0,19,6,0,0,0,38,15,15,50.0,Matches,Ipswich Town
Jack Clarke,eng ENG,"FW,MF",23,13.1,2,0,0,15,23,3,13,7,20,0,0,0,75,7,18,28.0,Matches,Ipswich Town
Wes Burns,wls WAL,"FW,DF",29,10.3,1,0,0,4,11,0,46,10,11,0,0,0,50,8,21,27.6,Matches,Ipswich Town
Julio Enciso,py PAR,"MF,FW",20,9.7,3,0,0,9,21,0,21,1,9,0,1,0,43,8,17,32.0,Matches,Ipswich Town
Conor Chaplin,eng ENG,"MF,FW",27,9.5,2,0,0,11,7,0,9,4,5,0,0,0,27,3,9,25.0,Matches,Ipswich Town
Nathan Broadhead,wls WAL,"MF,FW",26,7.8,1,0,0,4,13,2,9,4,4,0,0,0,32,1,10,9.1,Matches,Ipswich Town
,,,,,Performance,Performance,Performance,Performance,Performance,Performance,Performance,Performance,Performance,Performance,Performance,Performance,Performance,Aerial Duels,Aerial Duels,Aerial Duels,,Ipswich Town
Player,Nation,Pos,Age,90s,CrdY,CrdR,2CrdY,Fls,Fld,Off,Crs,Int,TklW,PKwon,PKcon,OG,Recov,Won,Lost,Won%,Matches,Ipswich Town
Christian Walton,eng ENG,GK,28,7.0,0,0,0,0,1,0,0,0,0,0,0,0,6,2,0,100.0,Matches,Ipswich Town
George Hirst,sct SCO,FW,25,7.3,3,0,0,13,12,3,3,2,3,0,0,0,12,32,23,58.2,Matches,Ipswich Town
Jaden Philogene Bidace,eng ENG,"FW,DF",22,5.3,1,0,0,8,10,1,13,10,7,0,0,0,23,5,3,62.5,Matches,Ipswich Town
Jack Taylor,ie IRL,MF,26,9.6,4,0,0,16,5,0,7,9,10,0,0,0,53,7,8,46.7,Matches,Ipswich Town
Harry Clarke,eng ENG,DF,23,4.2,3,1,1,5,1,0,5,4,3,0,1,0,17,10,4,71.4,Matches,Ipswich Town
Conor Townsend,eng ENG,DF,31,3.7,1,0,0,2,4,0,12,4,8,0,0,0,8,6,4,60.0,Matches,Ipswich Town
Chiedozie Ogbene,ie IRL,FW,27,2.6,0,0,0,2,7,1,4,1,3,0,0,0,6,1,6,14.3,Matches,Ipswich Town
Massimo Luongo,au AUS,MF,31,2.2,0,0,0,1,2,0,1,2,6,0,0,0,10,2,0,100.0,Matches,Ipswich Town
Ben Godfrey,eng ENG,DF,26,1.8,1,0,0,1,0,0,0,2,0,0,0,0,2,3,0,100.0,Matches,Ipswich Town
Ali Al Hamadi,iq IRQ,FW,22,1.5,3,0,0,8,3,1,0,0,0,0,0,0,4,5,9,35.7,Matches,Ipswich Town
Marcus Harness,eng ENG,MF,28,0.5,0,0,0,0,0,1,0,0,0,0,0,0,2,0,0,,Matches,Ipswich Town
George Edmundson,eng ENG,DF,26,0.0,0,0,0,0,0,0,0,0,0,0,0,0,0,0,0,,Matches,Ipswich Town
Squad Total,,,25.8,38.0,93,5,4,430,404,52,505,303,340,2,6,2,1437,552,533,50.9,,Ipswich Town
Opponent Total,,,26.3,38.0,65,2,1,414,414,42,778,242,366,6,2,1,1596,533,552,49.1,,Ipswich Town
Mateus Fernandes,pt POR,MF,20,32.3,8,0,0,46,55,4,113,28,48,0,0,0,179,15,9,62.5,Matches,Southampton
Kyle Walker-Peters,eng ENG,DF,27,32.4,5,0,0,28,52,2,51,19,29,0,0,0,135,11,21,34.4,Matches,Southampton
Taylor Harwood-Bellis,eng ENG,DF,22,31.4,9,0,0,35,14,0,10,30,20,0,0,0,123,63,49,56.3,Matches,Southampton
Aaron Ramsdale,eng ENG,GK,26,30.0,2,0,0,1,4,0,0,2,0,0,0,0,23,6,0,100.0,Matches,Southampton
Jan Bednarek,pl POL,DF,28,28.1,7,0,0,31,13,0,1,56,19,0,1,0,106,71,37,65.7,Matches,Southampton
Flynn Downes,eng ENG,MF,25,23.9,12,0,0,50,39,0,4,32,25,0,0,0,83,17,17,50.0,Matches,Southampton
Joe Aribo,ng NGA,"MF,DF",28,22.4,1,0,0,20,28,1,10,20,33,0,1,0,112,25,24,51.0,Matches,Southampton
Tyler Dibling,eng ENG,"FW,MF",18,20.8,6,0,0,30,50,2,28,8,20,2,0,0,80,10,25,28.6,Matches,Southampton
Lesley Ugochukwu,fr FRA,MF,20,18.4,7,0,0,31,16,0,6,14,24,0,1,0,67,20,18,52.6,Matches,Southampton
Ryan Manning,ie IRL,"DF,MF",28,16.2,2,0,0,19,32,0,84,17,17,0,0,0,65,15,6,71.4,Matches,Southampton
,,,,,Performance,Performance,Performance,Performance,Performance,Performance,Performance,Performance,Performance,Performance,Performance,Performance,Performance,Aerial Duels,Aerial Duels,Aerial Duels,,Southampton
Player,Nation,Pos,Age,90s,CrdY,CrdR,2CrdY,Fls,Fld,Off,Crs,Int,TklW,PKwon,PKcon,OG,Recov,Won,Lost,Won%,Matches,Southampton
Kamaldeen Sulemana,gh GHA,"FW,MF",22,15.6,2,0,0,22,11,3,26,6,17,0,0,0,63,13,27,32.5,Matches,Southampton
Jack Stephens,eng ENG,DF,30,15.4,2,2,0,13,4,1,1,13,20,0,1,0,44,6,10,37.5,Matches,Southampton
Yukinari Sugawara,jp JPN,"DF,MF",24,17.3,4,0,0,15,10,4,70,11,18,0,2,0,44,5,9,35.7,Matches,Southampton
Adam Armstrong,eng ENG,"FW,MF",27,13.9,4,0,0,12,5,9,14,3,3,0,0,0,23,5,9,35.7,Matches,Southampton
Cameron Archer,eng ENG,FW,23,16.0,0,0,0,16,13,8,3,2,8,0,0,0,35,9,30,23.1,Matches,Southampton
James Bree,eng ENG,DF,26,11.9,0,0,0,4,5,0,29,9,14,0,0,0,65,12,7,63.2,Matches,Southampton
Paul Onuachu,ng NGA,FW,30,11.7,4,0,0,28,16,10,0,1,2,0,0,0,19,93,59,61.2,Matches,Southampton
Nathan Wood-Gordon,eng ENG,DF,22,8.6,2,0,0,9,4,0,3,5,8,0,0,0,20,15,8,65.2,Matches,Southampton
William Smallbone,ie IRL,MF,24,7.7,1,0,0,11,3,0,36,2,13,0,1,0,23,4,6,40.0,Matches,Southampton
Welington,br BRA,DF,23,5.4,1,0,0,6,8,1,17,7,9,0,1,0,21,5,4,55.6,Matches,Southampton
,,,,,Performance,Performance,Performance,Performance,Performance,Performance,Performance,Performance,Performance,Performance,Performance,Performance,Performance,Aerial Duels,Aerial Duels,Aerial Duels,,Southampton
Player,Nation,Pos,Age,90s,CrdY,CrdR,2CrdY,Fls,Fld,Off,Crs,Int,TklW,PKwon,PKcon,OG,Recov,Won,Lost,Won%,Matches,Southampton
Alex McCarthy,eng ENG,GK,34,5.0,0,0,0,0,1,0,0,0,0,0,0,0,4,2,0,100.0,Matches,Southampton
Adam Lallana,eng ENG,MF,36,4.0,4,0,0,8,8,0,4,5,5,0,0,0,19,2,2,50.0,Matches,Southampton
Ben Brereton,cl CHI,FW,25,5.0,1,0,0,4,8,1,5,0,2,0,0,0,16,9,7,56.3,Matches,Southampton
Ross Stewart,sct SCO,FW,28,4.3,1,0,0,7,7,1,0,1,4,0,0,0,6,13,23,36.1,Matches,Southampton
Ryan Fraser,sct SCO,"FW,DF",30,3.4,0,1,0,1,4,1,12,1,2,0,1,0,10,2,3,40.0,Matches,Southampton
Charlie Taylor,eng ENG,DF,30,4.0,1,0,0,2,3,0,9,5,5,0,0,0,10,6,2,75.0,Matches,Southampton
Joe Lumley,eng ENG,GK,29,3.0,0,0,0,0,0,0,0,0,0,0,0,0,2,2,1,66.7,Matches,Southampton
Armel Bella Kotchap,de GER,DF,22,3.7,0,0,0,3,2,0,0,5,5,0,0,0,19,6,5,54.5,Matches,Southampton
Albert Grønbaek,dk DEN,"FW,MF",23,1.6,0,0,0,0,1,0,1,0,1,0,0,0,6,2,0,100.0,Matches,Southampton
Jay Robinson,eng ENG,"MF,FW",17,1.5,0,0,0,3,1,0,1,0,1,0,0,0,12,0,1,0.0,Matches,Southampton
,,,,,Performance,Performance,Performance,Performance,Performance,Performance,Performance,Performance,Performance,Performance,Performance,Performance,Performance,Aerial Duels,Aerial Duels,Aerial Duels,,Southampton
Player,Nation,Pos,Age,90s,CrdY,CrdR,2CrdY,Fls,Fld,Off,Crs,Int,TklW,PKwon,PKcon,OG,Recov,Won,Lost,Won%,Matches,Southampton
Maxwel Cornet,ci CIV,FW,27,0.8,1,0,0,0,1,1,3,0,5,0,0,0,2,3,0,100.0,Matches,Southampton
Samuel Edozie,eng ENG,"DF,FW",21,0.7,1,0,0,2,1,0,4,0,1,0,0,0,1,0,0,,Matches,Southampton
Samuel Amo-Ameyaw,eng ENG,"FW,DF",18,0.3,1,0,0,1,2,0,2,0,0,0,0,0,1,0,1,0.0,Matches,Southampton
Joachim Kayi Sanda,fr FRA,DF,17,0.2,0,0,0,0,0,0,0,2,0,0,0,0,0,0,1,0.0,Matches,Southampton
Ronnie Edwards,eng ENG,DF,21,0.1,0,0,0,0,0,0,0,0,0,0,0,0,0,0,0,,Matches,Southampton
Carlos Alcaraz,ar ARG,MF,21,0.1,0,0,0,1,0,0,1,1,0,0,0,0,2,1,0,100.0,Matches,Southampton
Squad Total,,,25.2,38.0,89,3,0,459,421,49,548,305,378,2,9,0,1440,468,421,52.6,,Southampton
Opponent Total,,,26.2,38.0,54,1,0,435,445,49,758,311,405,7,2,1,1635,421,468,47.4,,Southampton
Bruno Guimarães,br BRA,MF,26.0,36.3,7,0,0,65,108,2,28,29,47,0,0,0,188,18,19,48.6,Matches,Newcastle Utd
Dan Burn,eng ENG,DF,32.0,37.0,11,0,0,34,12,5,3,27,24,0,0,2,103,146,75,66.1,Matches,Newcastle Utd
Alexander Isak,se SWE,FW,24.0,30.6,1,0,0,27,14,20,16,3,5,1,0,0,55,26,55,32.1,Matches,Newcastle Utd
Fabian Schär,ch SUI,DF,32.0,32.6,9,1,0,35,15,4,13,45,21,0,0,0,134,56,71,44.1,Matches,Newcastle Utd
Valentino Livramento,eng ENG,DF,21.0,31.6,1,0,0,6,35,2,52,23,36,0,0,0,189,27,35,43.5,Matches,Newcastle Utd
Jacob Murphy,eng ENG,FW,29.0,26.2,4,0,0,11,15,3,120,13,19,1,0,0,98,5,16,23.8,Matches,Newcastle Utd
Joelinton,br BRA,"MF,FW",27.0,26.6,10,0,0,58,35,7,16,23,35,0,0,0,149,59,46,56.2,Matches,Newcastle Utd
Sandro Tonali,it ITA,MF,24.0,29.2,5,0,0,37,49,2,54,34,32,1,0,0,177,12,12,50.0,Matches,Newcastle Utd
Nick Pope,eng ENG,GK,32.0,28.0,2,0,0,2,5,0,0,1,0,0,2,0,24,11,1,91.7,Matches,Newcastle Utd
Anthony Gordon,eng ENG,"FW,MF",23.0,27.0,2,0,0,20,71,8,131,7,18,1,0,0,97,8,8,50.0,Matches,Newcastle Utd
Lewis Hall,eng ENG,DF,19.0,24.3,3,0,0,9,21,1,110,18,41,0,0,0,119,30,31,49.2,Matches,Newcastle Utd
Harvey Barnes,eng ENG,FW,26.0,19.5,0,0,0,15,22,5,47,6,9,0,0,0,55,6,15,28.6,Matches,Newcastle Utd
Kieran Trippier,eng ENG,DF,33.0,14.5,1,0,0,16,11,2,82,12,21,0,0,0,68,22,15,59.5,Matches,Newcastle Utd
Joe Willock,eng ENG,"MF,FW",24.0,12.1,4,0,0,23,13,3,18,6,17,0,0,0,40,5,14,26.3,Matches,Newcastle Utd
Martin Dúbravka,sk SVK,GK,35.0,10.0,0,0,0,0,1,0,0,0,0,0,0,0,18,4,0,100.0,Matches,Newcastle Utd
Sean Longstaff,eng ENG,MF,26.0,8.9,2,0,0,9,6,0,5,7,16,0,0,0,31,7,7,50.0,Matches,Newcastle Utd
Sven Botman,nl NED,DF,24.0,4.6,1,0,0,5,4,0,0,5,9,0,0,0,14,17,9,65.4,Matches,Newcastle Utd
Lloyd Kelly,eng ENG,DF,25.0,3.4,2,0,0,5,5,1,1,1,4,0,0,0,19,6,2,75.0,Matches,Newcastle Utd
Callum Wilson,eng ENG,FW,32.0,4.1,1,0,0,4,1,3,2,1,2,0,0,0,11,2,16,11.1,Matches,Newcastle Utd
Emil Krafth,se SWE,DF,29.0,3.8,2,0,0,5,2,0,2,2,2,0,0,0,19,8,8,50.0,Matches,Newcastle Utd
Lewis Miley,eng ENG,MF,18.0,3.5,0,0,0,3,1,0,0,2,11,0,0,0,16,6,7,46.2,Matches,Newcastle Utd
Miguel Almirón,py PAR,FW,30.0,1.7,0,0,0,1,3,2,0,0,2,0,0,0,4,0,2,0.0,Matches,Newcastle Utd
William Osula,dk DEN,FW,20.0,1.5,0,0,0,4,1,1,4,4,0,0,0,0,2,6,2,75.0,Matches,Newcastle Utd
Matt Targett,eng ENG,DF,28.0,0.2,0,0,0,0,0,0,1,1,0,0,0,0,2,0,0,,Matches,Newcastle Utd
Squad Total,,,27.4,38.0,68,1,0,394,450,71,705,270,371,4,2,2,1632,487,466,51.1,,Newcastle Utd
Opponent Total,,,26.3,38.0,97,3,1,464,385,43,651,301,433,2,6,2,1634,466,487,48.9,,Newcastle Utd
Matz Sels,be BEL,GK,32.0,38.0,4,0,0,1,10,0,0,0,1,0,1,0,17,15,2,88.2,Matches,Nott'ham Forest
Nikola Milenković,rs SRB,DF,26.0,37.0,4,0,0,20,5,2,0,27,29,0,0,0,85,101,39,72.1,Matches,Nott'ham Forest
Murillo,br BRA,DF,22.0,35.4,6,0,0,27,6,0,14,36,36,0,1,0,142,44,22,66.7,Matches,Nott'ham Forest
Ola Aina,ng NGA,DF,27.0,33.3,5,0,0,23,35,2,59,33,42,0,1,0,190,13,19,40.6,Matches,Nott'ham Forest
Chris Wood,nz NZL,FW,32.0,32.9,1,0,0,25,24,28,1,5,5,0,0,0,50,94,143,39.7,Matches,Nott'ham Forest
Morgan Gibbs-White,eng ENG,MF,24.0,31.1,11,1,1,38,40,7,45,23,22,1,0,0,127,40,55,42.1,Matches,Nott'ham Forest
Elliot Anderson,eng ENG,MF,21.0,30.3,10,0,0,49,58,4,86,31,56,0,0,0,207,56,30,65.1,Matches,Nott'ham Forest
Anthony Elanga,se SWE,"FW,MF",22.0,27.8,1,0,0,9,47,18,185,6,14,0,0,0,89,24,37,39.3,Matches,Nott'ham Forest
Neco Williams,wls WAL,DF,23.0,28.8,7,0,0,24,43,2,59,31,57,0,0,0,110,40,30,57.1,Matches,Nott'ham Forest
Callum Hudson-Odoi,eng ENG,"FW,MF",23.0,24.4,2,0,0,12,25,8,79,13,14,1,0,0,92,3,10,23.1,Matches,Nott'ham Forest
Nicolás Domínguez,ar ARG,"MF,FW",26.0,21.8,9,0,0,33,18,1,7,29,45,0,0,0,114,27,23,54.0,Matches,Nott'ham Forest
Ryan Yates,eng ENG,MF,26.0,21.3,10,0,0,53,49,7,8,26,21,0,0,0,104,45,30,60.0,Matches,Nott'ham Forest
Álex Moreno,es ESP,"DF,MF",31.0,10.6,2,0,0,12,6,0,19,15,18,0,0,0,50,3,11,21.4,Matches,Nott'ham Forest
Ibrahim Sangaré,ci CIV,MF,26.0,6.6,3,0,0,15,8,0,2,6,14,0,0,0,42,10,10,50.0,Matches,Nott'ham Forest
Morato,br BRA,DF,23.0,10.1,5,0,0,11,2,0,0,10,14,0,0,0,36,6,14,30.0,Matches,Nott'ham Forest
Jota Silva,pt POR,"FW,MF",24.0,9.5,5,0,0,24,23,8,21,12,14,1,0,0,43,21,30,41.2,Matches,Nott'ham Forest
James Ward-Prowse,eng ENG,MF,29.0,4.4,2,1,1,7,2,0,19,5,1,0,0,0,19,3,5,37.5,Matches,Nott'ham Forest
Danilo,br BRA,"MF,FW",23.0,3.1,0,0,0,2,0,0,3,4,4,0,0,0,19,1,2,33.3,Matches,Nott'ham Forest
Taiwo Awoniyi,ng NGA,FW,26.0,4.6,0,0,0,8,10,1,2,0,3,0,0,0,18,13,38,25.5,Matches,Nott'ham Forest
Ramón Sosa,py PAR,"FW,MF",24.0,3.3,1,0,0,6,8,3,8,4,3,0,0,0,25,4,7,36.4,Matches,Nott'ham Forest
Willy Boly,ci CIV,DF,33.0,1.7,1,0,0,1,0,0,0,3,1,0,0,0,5,6,2,75.0,Matches,Nott'ham Forest
Harry Toffolo,eng ENG,DF,28.0,1.5,1,0,0,1,0,0,4,2,3,0,0,0,2,1,0,100.0,Matches,Nott'ham Forest
Eric da Silva Moreira,de GER,"MF,DF",18.0,0.3,0,0,0,0,0,0,0,1,2,0,0,0,2,0,0,,Matches,Nott'ham Forest
Squad Total,,,26.1,38.0,90,2,2,401,419,91,621,322,419,3,3,0,1588,570,559,50.5,,Nott'ham Forest
Opponent Total,,,26.2,38.0,104,2,2,434,390,36,886,265,365,2,3,1,1545,559,570,49.5,,Nott'ham Forest
Bart Verbruggen,nl NED,GK,21,36.0,5,0,0,0,2,0,0,0,0,0,0,0,59,10,1,90.9,Matches,Brighton
Jan Paul van Hecke,nl NED,DF,24,32.9,8,1,1,25,24,0,11,24,29,0,0,0,131,82,50,62.1,Matches,Brighton
Carlos Baleba,cm CMR,MF,20,29.6,8,1,1,40,48,0,9,46,46,0,2,0,197,39,26,60.0,Matches,Brighton
Kaoru Mitoma,jp JPN,"FW,MF",27,28.9,1,0,0,40,24,5,75,14,27,0,0,0,99,26,27,49.1,Matches,Brighton
Pervis Estupiñán,ec ECU,DF,26,26.7,5,0,0,36,20,3,119,37,43,0,0,0,147,46,26,63.9,Matches,Brighton
Danny Welbeck,eng ENG,FW,33,23.5,5,0,0,11,23,4,3,5,16,0,0,0,46,17,32,34.7,Matches,Brighton
Lewis Dunk,eng ENG,DF,32,23.1,5,0,0,7,11,2,5,13,10,0,0,1,104,51,31,62.2,Matches,Brighton
João Pedro,br BRA,"FW,MF",22,21.6,4,1,0,26,46,2,22,9,12,3,1,0,59,41,43,48.8,Matches,Brighton
Yasin Ayari,se SWE,MF,20,21.8,3,0,0,37,26,3,69,20,32,0,1,0,118,16,20,44.4,Matches,Brighton
Jack Hinshelwood,eng ENG,"MF,DF",19,20.5,5,0,0,18,9,0,27,16,19,0,0,0,63,20,16,55.6,Matches,Brighton
,,,,,Performance,Performance,Performance,Performance,Performance,Performance,Performance,Performance,Performance,Performance,Performance,Performance,Performance,Aerial Duels,Aerial Duels,Aerial Duels,,Brighton
Player,Nation,Pos,Age,90s,CrdY,CrdR,2CrdY,Fls,Fld,Off,Crs,Int,TklW,PKwon,PKcon,OG,Recov,Won,Lost,Won%,Matches,Brighton
Yankuba Minteh,gm GAM,"FW,MF",20,20.4,6,0,0,21,11,6,91,11,35,0,0,0,85,17,34,33.3,Matches,Brighton
Joël Veltman,nl NED,DF,32,18.9,5,0,0,27,44,0,24,19,29,0,1,0,68,21,18,53.8,Matches,Brighton
Georginio Rutter,fr FRA,"MF,FW",22,18.4,2,0,0,34,45,7,9,10,15,0,1,0,66,25,46,35.2,Matches,Brighton
Simon Adingra,ci CIV,"FW,MF",22,12.2,0,0,0,13,4,4,41,8,14,0,0,0,47,7,4,63.6,Matches,Brighton
Matt O'Riley,dk DEN,MF,23,10.4,1,0,0,16,13,2,51,13,9,1,0,1,29,5,8,38.5,Matches,Brighton
Adam Webster,eng ENG,DF,29,9.9,1,0,0,7,2,1,2,20,6,0,1,0,35,24,6,80.0,Matches,Brighton
Mats Wieffer,nl NED,"DF,MF",24,11.3,6,0,0,23,10,1,13,17,34,1,1,0,68,32,25,56.1,Matches,Brighton
Igor,br BRA,DF,26,10.7,4,0,0,9,6,0,4,4,5,0,0,0,42,8,6,57.1,Matches,Brighton
Tariq Lamptey,gh GHA,DF,23,9.6,0,0,0,15,10,0,28,7,11,0,1,0,39,1,14,6.7,Matches,Brighton
Brajan Gruda,de GER,"MF,FW",20,7.6,0,0,0,7,12,1,29,2,8,0,0,0,26,3,5,37.5,Matches,Brighton
,,,,,Performance,Performance,Performance,Performance,Performance,Performance,Performance,Performance,Performance,Performance,Performance,Performance,Performance,Aerial Duels,Aerial Duels,Aerial Duels,,Brighton
Player,Nation,Pos,Age,90s,CrdY,CrdR,2CrdY,Fls,Fld,Off,Crs,Int,TklW,PKwon,PKcon,OG,Recov,Won,Lost,Won%,Matches,Brighton
Ferdi Kadioglu,tr TUR,"DF,MF",24,4.3,1,0,0,5,3,1,9,8,6,0,0,0,14,3,1,75.0,Matches,Brighton
Diego Gómez,py PAR,MF,21,5.7,0,0,0,8,3,1,12,8,13,1,0,0,32,10,4,71.4,Matches,Brighton
James Milner,eng ENG,MF,38,1.9,1,0,0,3,1,0,8,2,2,0,0,0,2,0,1,0.0,Matches,Brighton
Julio Enciso,py PAR,"MF,FW",20,3.3,0,0,0,3,7,0,20,0,0,0,0,0,15,6,5,54.5,Matches,Brighton
Evan Ferguson,ie IRL,FW,19,2.7,0,0,0,3,1,0,0,0,3,0,0,0,10,4,9,30.8,Matches,Brighton
Jason Steele,eng ENG,GK,33,2.0,0,0,0,0,1,0,0,0,0,0,0,0,7,1,1,50.0,Matches,Brighton
Solly March,eng ENG,"FW,MF",30,1.9,2,0,0,2,2,3,20,2,3,0,0,0,7,1,2,33.3,Matches,Brighton
Billy Gilmour,sct SCO,MF,23,1.1,0,0,0,2,3,0,1,0,3,0,0,0,5,0,0,,Matches,Brighton
Eiran Cashin,ie IRL,DF,22,0.2,0,0,0,0,0,0,1,0,0,0,0,0,1,2,1,66.7,Matches,Brighton
Jakub Moder,pl POL,MF,25,0.1,0,0,0,0,0,0,1,0,0,0,0,0,2,0,1,0.0,Matches,Brighton
Jeremy Sarmiento,ec ECU,MF,22,0.1,0,0,0,0,0,0,0,0,0,0,0,0,1,0,0,,Matches,Brighton
Harry Howell,eng ENG,FW,15,0.1,0,0,0,0,0,0,0,0,1,0,0,0,0,0,0,,Matches,Brighton
Squad Total,,,24.8,38.0,78,3,2,438,411,46,704,315,431,6,9,2,1624,518,463,52.8,,Brighton
Opponent Total,,,26.2,38.0,93,5,4,427,421,88,543,320,408,7,7,2,1532,463,518,47.2,,Brighton
Milos Kerkez,hu HUN,DF,20.0,37.1,4,0,0,30,50,3,142,45,26,0,0,0,169,28,49,36.4,Matches,Bournemouth
Antoine Semenyo,gh GHA,FW,24.0,35.6,9,0,0,73,37,15,59,11,35,1,0,0,158,66,76,46.5,Matches,Bournemouth
Illia Zabarnyi,ua UKR,DF,21.0,34.5,4,1,0,20,7,0,6,41,36,0,0,0,157,77,44,63.6,Matches,Bournemouth
Lewis Cook,eng ENG,"MF,DF",27.0,33.1,8,1,0,49,10,3,132,41,42,0,1,0,187,41,34,54.7,Matches,Bournemouth
Kepa Arrizabalaga,es ESP,GK,29.0,31.0,3,0,0,2,6,0,0,0,0,0,2,0,56,7,1,87.5,Matches,Bournemouth
Justin Kluivert,nl NED,MF,25.0,26.0,8,0,0,47,33,5,85,14,11,1,0,0,78,8,28,22.2,Matches,Bournemouth
Evanilson,br BRA,FW,24.0,25.8,1,1,0,37,53,20,0,1,10,5,0,0,67,42,62,40.4,Matches,Bournemouth
Ryan Christie,sct SCO,MF,29.0,23.5,9,0,0,43,31,1,48,30,33,0,0,0,182,20,28,41.7,Matches,Bournemouth
Dean Huijsen,es ESP,DF,19.0,27.0,10,0,0,31,10,2,12,51,26,0,0,0,105,68,44,60.7,Matches,Bournemouth
Dango Ouattara,bf BFA,FW,22.0,22.3,3,0,0,16,19,14,88,11,26,0,0,0,92,45,63,41.7,Matches,Bournemouth
Tyler Adams,us USA,MF,25.0,21.8,7,0,0,45,21,0,3,32,50,0,1,0,114,31,18,63.3,Matches,Bournemouth
Marcus Tavernier,eng ENG,"FW,MF",25.0,21.5,6,0,0,34,28,4,108,5,24,0,0,0,119,26,33,44.1,Matches,Bournemouth
Adam Smith,eng ENG,DF,33.0,17.7,7,0,0,19,12,0,33,15,12,0,0,0,50,14,15,48.3,Matches,Bournemouth
Marcos Senesi,ar ARG,DF,27.0,12.3,5,0,0,22,8,0,11,14,21,0,0,0,71,32,29,52.5,Matches,Bournemouth
David Brooks,wls WAL,"FW,MF",27.0,10.7,3,0,0,11,18,0,52,5,6,0,0,0,50,7,10,41.2,Matches,Bournemouth
Alex Scott,eng ENG,MF,20.0,8.4,3,0,0,17,26,0,7,10,14,0,0,0,52,7,7,50.0,Matches,Bournemouth
Julian Araujo,mx MEX,DF,22.0,5.5,2,0,0,7,2,1,9,6,5,0,0,0,29,3,9,25.0,Matches,Bournemouth
James Hill,eng ENG,DF,22.0,5.0,1,0,0,7,5,0,10,9,8,0,0,0,13,14,12,53.8,Matches,Bournemouth
Mark Travers,ie IRL,GK,25.0,5.0,0,0,0,0,1,0,0,0,0,0,0,0,3,1,0,100.0,Matches,Bournemouth
Enes Ünal,tr TUR,"FW,MF",27.0,3.8,2,0,0,6,9,1,4,0,0,0,0,0,16,24,22,52.2,Matches,Bournemouth
Neto,br BRA,GK,35.0,2.0,0,0,0,0,2,0,0,0,0,0,0,0,3,0,0,,Matches,Bournemouth
Luis Sinisterra,co COL,"FW,MF",25.0,2.6,0,0,0,4,2,1,7,1,2,0,0,0,17,3,7,30.0,Matches,Bournemouth
Philip Billing,dk DEN,MF,28.0,2.0,1,0,0,3,2,0,10,5,5,0,0,0,14,6,4,60.0,Matches,Bournemouth
Max Aarons,eng ENG,DF,24.0,1.0,0,0,0,0,2,0,2,1,2,0,0,0,7,0,0,,Matches,Bournemouth
Daniel Jebbison,ca CAN,FW,20.0,1.3,1,0,0,2,4,0,3,1,3,0,0,0,10,2,10,16.7,Matches,Bournemouth
Ben Winterburn,eng ENG,"MF,FW",19.0,0.3,0,0,0,0,1,0,0,2,0,0,0,0,2,1,0,100.0,Matches,Bournemouth
Julio Soler,ar ARG,"DF,FW",19.0,0.1,0,0,0,0,1,0,1,0,1,0,0,0,0,0,0,,Matches,Bournemouth
Remy Rees-Dottin,eng ENG,FW,18.0,0.0,0,0,0,0,0,0,0,0,0,0,0,0,0,0,0,,Matches,Bournemouth
Zain Silcott-Duberry,ms MSR,FW,19.0,0.0,0,0,0,0,0,0,0,0,1,0,0,0,0,0,1,0.0,Matches,Bournemouth
Squad Total,,,25.1,38.0,97,3,0,525,400,70,832,351,399,7,4,0,1821,573,606,48.6,,Bournemouth
Opponent Total,,,26.4,38.0,94,5,3,410,510,42,601,279,396,3,7,1,1662,606,573,51.4,,Bournemouth
Nathan Collins,ie IRL,DF,23.0,38.0,5,0,0,29,31,6,8,34,24,2,0,0,162,117,69,62.9,Matches,Brentford
Bryan Mbeumo,cm CMR,FW,24.0,37.9,3,0,0,25,44,11,202,14,31,0,0,0,156,34,74,31.5,Matches,Brentford
Mark Flekken,nl NED,GK,31.0,36.4,1,0,0,0,3,0,0,0,4,0,0,0,39,4,0,100.0,Matches,Brentford
Keane Lewis-Potter,eng ENG,"DF,FW",23.0,34.4,7,0,0,18,31,4,78,21,27,1,0,0,146,27,35,43.5,Matches,Brentford
Yoane Wissa,cd COD,FW,27.0,32.4,5,0,0,34,51,14,20,8,12,1,0,0,81,30,36,45.5,Matches,Brentford
Mikkel Damsgaard,dk DEN,"MF,FW",24.0,32.3,2,0,0,18,27,6,144,27,44,0,0,0,179,12,27,30.8,Matches,Brentford
Christian Nørgaard,dk DEN,MF,30.0,31.3,8,1,0,44,28,1,17,49,49,0,0,0,193,49,30,62.0,Matches,Brentford
Sepp van den Berg,nl NED,DF,22.0,28.7,3,0,0,23,5,1,7,21,24,1,0,0,97,94,77,55.0,Matches,Brentford
Vitaly Janelt,de GER,MF,26.0,25.0,3,0,0,24,15,1,30,27,22,0,0,2,107,19,11,63.3,Matches,Brentford
Kevin Schade,de GER,FW,22.0,25.5,3,0,0,21,38,13,38,5,25,1,0,0,83,90,80,52.9,Matches,Brentford
Ethan Pinnock,jm JAM,DF,31.0,21.3,2,0,0,8,4,0,9,24,19,0,1,1,50,63,43,59.4,Matches,Brentford
Kristoffer Ajer,no NOR,DF,26.0,16.0,5,0,0,13,6,2,14,12,18,0,0,0,42,27,23,54.0,Matches,Brentford
Yehor Yarmoliuk,ua UKR,MF,20.0,16.1,6,0,0,19,13,2,16,13,28,0,0,0,113,8,10,44.4,Matches,Brentford
Mads Roerslev,dk DEN,DF,25.0,12.2,2,0,0,6,10,0,31,4,8,0,0,0,39,10,14,41.7,Matches,Brentford
Mathias Jensen,dk DEN,MF,28.0,9.6,2,0,0,7,10,0,33,8,10,0,0,0,48,8,5,61.5,Matches,Brentford
Michael Kayode,it ITA,DF,20.0,5.9,2,0,0,8,3,0,10,7,11,0,0,0,34,9,4,69.2,Matches,Brentford
Fabio Carvalho,pt POR,"FW,MF",21.0,5.1,1,0,0,5,10,1,10,3,9,0,0,0,30,2,6,25.0,Matches,Brentford
Ben Mee,eng ENG,DF,34.0,2.0,2,0,0,5,0,0,0,4,2,0,0,0,11,5,5,50.0,Matches,Brentford
Thiago,br BRA,"FW,MF",23.0,1.9,0,0,0,3,3,1,2,2,3,0,0,0,12,7,5,58.3,Matches,Brentford
Hákon Valdimarsson,is ISL,GK,22.0,1.6,0,0,0,0,0,0,0,0,0,0,0,0,1,1,0,100.0,Matches,Brentford
Edmond-Paris Maghoma,eng ENG,"MF,FW",23.0,1.3,0,0,0,2,4,0,3,1,1,0,0,0,7,1,3,25.0,Matches,Brentford
Rico Henry,eng ENG,DF,27.0,1.1,0,0,0,2,2,0,2,1,2,0,0,0,7,2,1,66.7,Matches,Brentford
Yunus Emre Konak,tr TUR,"FW,MF",18.0,0.5,0,0,0,3,1,0,0,0,4,0,0,0,2,5,9,35.7,Matches,Brentford
Kim Jisoo,kr KOR,DF,19.0,0.3,0,0,0,1,0,0,0,0,0,0,0,0,0,0,0,,Matches,Brentford
Frank Onyeka,ng NGA,MF,26.0,0.3,0,0,0,2,0,0,0,0,0,0,0,0,2,0,0,,Matches,Brentford
Gustavo Nunes,br BRA,"FW,MF",18.0,0.1,0,0,0,0,0,0,0,0,2,0,0,0,0,0,0,,Matches,Brentford
Jayden Meghoma,eng ENG,DF,18.0,0.1,0,0,0,0,0,0,0,0,0,0,0,0,1,0,0,,Matches,Brentford
Ryan Trevitt,eng ENG,MF,21.0,0.0,0,0,0,0,0,0,0,0,1,0,0,0,2,0,0,,Matches,Brentford
Squad Total,,,25.8,38.0,62,1,0,320,339,63,674,285,380,6,1,3,1644,624,567,52.4,,Brentford
Opponent Total,,,26.4,38.0,82,3,2,355,316,58,793,287,362,1,6,1,1678,567,624,47.6,,Brentford
Bernd Leno,de GER,GK,32.0,38.0,5,0,0,0,4,0,0,0,2,0,0,0,50,9,1,90.0,Matches,Fulham
Antonee Robinson,us USA,DF,26.0,35.2,8,0,0,31,20,7,170,62,61,0,0,0,157,50,26,65.8,Matches,Fulham
Alex Iwobi,ng NGA,"FW,MF",28.0,33.1,1,0,0,19,18,5,126,14,25,0,0,0,140,7,31,18.4,Matches,Fulham
Calvin Bassey,ng NGA,DF,24.0,34.2,7,0,0,26,32,2,8,20,34,0,0,0,168,43,33,56.6,Matches,Fulham
Raúl Jiménez,mx MEX,FW,33.0,27.7,4,0,0,39,41,15,23,10,24,1,0,0,80,91,99,47.9,Matches,Fulham
Joachim Andersen,dk DEN,DF,28.0,28.7,6,1,0,18,19,0,12,34,18,0,1,1,122,70,39,64.2,Matches,Fulham
Saša Lukić,rs SRB,MF,27.0,26.0,12,0,0,66,26,0,62,28,39,0,1,0,109,19,25,43.2,Matches,Fulham
Sander Berge,no NOR,MF,26.0,24.7,6,0,0,31,10,0,3,21,30,0,0,0,126,28,22,56.0,Matches,Fulham
Emile Smith Rowe,eng ENG,MF,24.0,22.7,3,0,0,19,14,4,16,11,18,0,0,0,75,6,20,23.1,Matches,Fulham
Andreas Pereira,br BRA,MF,28.0,22.4,7,0,0,28,24,1,171,8,13,1,0,0,100,13,23,36.1,Matches,Fulham
Kenny Tete,nl NED,DF,28.0,19.7,5,0,0,35,16,1,38,32,38,0,0,0,74,24,22,52.2,Matches,Fulham
Adama Traoré,es ESP,"FW,MF",28.0,19.7,3,0,0,24,32,1,100,1,13,0,0,0,87,25,26,49.0,Matches,Fulham
Timothy Castagne,be BEL,DF,28.0,18.3,1,0,0,15,6,1,37,22,29,0,1,0,57,34,35,49.3,Matches,Fulham
Issa Diop,fr FRA,DF,27.0,14.9,2,0,0,10,4,0,1,9,12,0,0,1,45,20,12,62.5,Matches,Fulham
Harry Wilson,wls WAL,"FW,MF",27.0,12.9,2,0,0,12,22,1,41,7,14,1,0,0,55,5,20,20.0,Matches,Fulham
Rodrigo Muniz,br BRA,FW,23.0,10.7,1,0,0,11,31,3,1,5,5,0,0,0,14,67,63,51.5,Matches,Fulham
Ryan Sessegnon,eng ENG,"FW,DF",24.0,6.4,1,0,0,20,4,1,16,3,13,0,0,0,30,8,11,42.1,Matches,Fulham
Reiss Nelson,eng ENG,FW,24.0,5.4,1,0,0,6,9,1,23,5,6,0,0,0,29,0,4,0.0,Matches,Fulham
Jorge Cuenca,es ESP,DF,24.0,3.9,0,0,0,2,2,0,1,2,2,0,0,0,10,6,3,66.7,Matches,Fulham
Tom Cairney,sct SCO,MF,33.0,7.0,3,1,0,8,19,0,20,4,5,0,0,0,52,5,9,35.7,Matches,Fulham
Willian,br BRA,"FW,MF",35.0,2.9,0,0,0,1,0,0,16,1,2,0,0,0,14,1,3,25.0,Matches,Fulham
Joshua King,eng ENG,MF,17.0,1.4,0,0,0,3,2,0,2,1,5,0,0,0,5,1,2,33.3,Matches,Fulham
Harrison Reed,eng ENG,MF,29.0,1.2,2,0,0,6,2,0,6,1,3,0,1,0,10,1,2,33.3,Matches,Fulham
Martial Godo,eng ENG,"FW,DF",21.0,0.3,0,0,0,1,0,0,1,1,0,0,0,0,1,0,1,0.0,Matches,Fulham
Carlos Vinícius,br BRA,"MF,FW",29.0,0.2,0,0,0,0,2,0,0,0,0,0,0,0,0,0,0,,Matches,Fulham
Jay Stansfield,eng ENG,MF,21.0,0.0,0,0,0,1,0,0,0,0,0,0,0,0,0,0,0,,Matches,Fulham
Squad Total,,,28.1,38.0,80,2,0,432,359,43,894,302,411,3,4,2,1610,533,532,50.0,,Fulham
Opponent Total,,,26.3,38.0,67,3,1,371,425,83,632,336,306,4,4,1,1585,532,533,50.0,,Fulham
Jordan Pickford,eng ENG,GK,30.0,38.0,7,0,0,0,7,0,0,1,0,0,0,0,36,5,1,83.3,Matches,Everton
Vitaliy Mykolenko,ua UKR,DF,25.0,34.2,4,0,0,22,34,3,101,44,38,0,1,0,88,47,37,56.0,Matches,Everton
Idrissa Gana Gueye,sn SEN,MF,34.0,34.0,9,0,0,55,46,0,7,48,80,0,0,0,194,24,15,61.5,Matches,Everton
James Tarkowski,eng ENG,DF,31.0,32.5,6,0,0,35,28,2,1,41,40,0,1,0,98,102,33,75.6,Matches,Everton
Abdoulaye Doucouré,ml MLI,MF,31.0,28.5,5,1,1,49,5,10,23,10,28,0,0,0,150,30,44,40.5,Matches,Everton
Iliman Ndiaye,sn SEN,FW,24.0,27.0,3,0,0,24,52,5,38,20,28,0,0,0,172,6,19,24.0,Matches,Everton
Jarrad Branthwaite,eng ENG,DF,22.0,27.9,4,0,0,12,18,1,5,27,20,0,0,0,93,61,42,59.2,Matches,Everton
Jack Harrison,eng ENG,FW,27.0,23.1,0,0,0,13,28,4,131,10,22,1,0,0,73,4,28,12.5,Matches,Everton
Ashley Young,eng ENG,DF,39.0,20.8,7,1,0,30,22,0,75,25,33,0,0,0,75,10,11,47.6,Matches,Everton
Dominic Calvert-Lewin,eng ENG,FW,27.0,17.9,2,0,0,27,23,27,6,7,7,0,0,0,35,85,81,51.2,Matches,Everton
James Garner,eng ENG,"MF,DF",23.0,17.7,5,0,0,20,15,0,57,23,31,0,0,0,73,11,13,45.8,Matches,Everton
Jake O'Brien,ie IRL,DF,23.0,17.5,5,0,0,13,5,3,18,4,17,0,0,0,52,41,30,57.7,Matches,Everton
Beto,gw GNB,FW,26.0,17.0,2,0,0,33,23,16,4,4,6,0,0,0,40,99,105,48.5,Matches,Everton
Dwight McNeil,eng ENG,"MF,FW",24.0,15.2,1,0,0,6,18,1,105,6,8,0,0,0,76,3,17,15.0,Matches,Everton
Jesper Lindstrøm,dk DEN,FW,24.0,13.8,2,0,0,15,10,1,71,12,25,0,0,0,70,6,12,33.3,Matches,Everton
Orel Mangala,be BEL,MF,26.0,14.0,2,0,0,24,17,2,6,21,8,0,0,0,49,6,8,42.9,Matches,Everton
Michael Keane,eng ENG,DF,31.0,11.7,5,0,0,9,0,0,1,16,9,0,0,0,26,26,20,56.5,Matches,Everton
Carlos Alcaraz,ar ARG,"FW,MF",21.0,8.5,4,0,0,13,12,1,11,5,5,0,0,0,37,14,8,63.6,Matches,Everton
Tim Iroegbunam,eng ENG,MF,21.0,6.4,4,0,0,15,12,0,1,16,14,0,0,0,51,11,4,73.3,Matches,Everton
Armando Broja,al ALB,FW,22.0,3.7,1,0,0,6,4,3,1,1,1,0,0,0,9,18,21,46.2,Matches,Everton
Nathan Patterson,sct SCO,DF,22.0,3.9,1,0,0,6,1,0,14,2,6,0,0,0,12,1,7,12.5,Matches,Everton
Séamus Coleman,ie IRL,DF,35.0,2.4,1,0,0,0,1,0,4,1,2,0,0,0,7,2,1,66.7,Matches,Everton
Roman Dixon,eng ENG,DF,19.0,1.0,0,0,0,0,0,0,0,1,5,0,0,0,6,0,3,0.0,Matches,Everton
Harrison Armstrong,eng ENG,MF,17.0,0.5,1,0,0,2,2,0,1,0,0,0,0,0,2,0,2,0.0,Matches,Everton
Youssef Chermiti,pt POR,"FW,MF",20.0,0.5,1,0,0,1,1,2,1,0,0,0,0,0,0,2,1,66.7,Matches,Everton
Mason Holgate,jm JAM,"FW,DF",27.0,0.1,0,0,0,0,0,0,0,0,0,0,0,0,0,0,1,0.0,Matches,Everton
Squad Total,,,28.0,38.0,82,2,1,430,384,81,682,345,433,1,2,0,1524,614,564,52.1,,Everton
Opponent Total,,,26.2,38.0,46,2,1,395,420,51,731,235,424,2,2,3,1565,564,614,47.9,,Everton
Max Kilman,eng ENG,DF,27.0,37.2,5,0,0,23,13,2,4,38,24,0,0,0,146,113,55,67.3,Matches,West Ham
Aaron Wan-Bissaka,cd COD,DF,26.0,35.0,1,0,0,25,27,5,76,66,49,0,0,1,174,22,33,40.0,Matches,West Ham
Jarrod Bowen,eng ENG,"FW,MF",27.0,33.0,1,0,0,20,51,10,106,16,26,0,0,0,129,12,48,20.0,Matches,West Ham
Mohammed Kudus,gh GHA,"FW,MF",23.0,28.8,2,1,0,39,64,18,81,4,23,0,0,0,138,11,40,21.6,Matches,West Ham
Tomáš Souček,cz CZE,MF,29.0,28.5,8,0,0,47,25,4,14,20,21,1,0,0,63,99,73,57.6,Matches,West Ham
Lucas Paquetá,br BRA,"MF,FW",26.0,26.4,10,0,0,53,62,6,29,18,37,0,1,0,149,48,57,45.7,Matches,West Ham
Emerson Palmieri,it ITA,DF,29.0,23.5,5,0,0,25,13,0,64,21,31,0,0,0,84,18,20,47.4,Matches,West Ham
Alphonse Areola,fr FRA,GK,31.0,25.1,0,0,0,0,0,0,0,0,2,0,0,1,29,2,0,100.0,Matches,West Ham
Konstantinos Mavropanos,gr GRE,DF,26.0,22.7,6,1,1,17,16,3,2,40,24,0,0,0,77,57,25,69.5,Matches,West Ham
Jean-Clair Todibo,fr FRA,DF,24.0,20.3,3,0,0,16,6,0,3,26,28,0,0,0,79,28,26,51.9,Matches,West Ham
Edson Álvarez,mx MEX,MF,26.0,19.7,9,1,1,42,18,4,6,18,27,0,0,0,88,30,23,56.6,Matches,West Ham
Guido Rodríguez,ar ARG,MF,30.0,12.8,6,0,0,18,12,2,5,13,19,0,0,0,53,11,7,61.1,Matches,West Ham
Carlos Soler,es ESP,"MF,FW",27.0,15.7,6,0,0,26,19,0,34,8,11,0,0,0,64,10,12,45.5,Matches,West Ham
Łukasz Fabiański,pl POL,GK,39.0,12.9,2,0,0,2,1,0,0,0,0,0,2,0,5,3,1,75.0,Matches,West Ham
James Ward-Prowse,eng ENG,MF,29.0,11.5,2,0,0,10,4,0,49,8,14,0,0,0,52,10,5,66.7,Matches,West Ham
Vladimír Coufal,cz CZE,DF,31.0,11.9,5,0,0,22,16,0,28,8,15,0,0,1,39,23,16,59.0,Matches,West Ham
Michail Antonio,jm JAM,FW,34.0,9.3,1,0,0,12,7,4,25,0,2,0,0,0,22,17,22,43.6,Matches,West Ham
Aaron Cresswell,eng ENG,DF,34.0,9.2,3,0,0,4,2,0,36,8,7,0,0,0,36,7,7,50.0,Matches,West Ham
Crysencio Summerville,nl NED,"FW,MF",22.0,8.7,2,0,0,9,23,4,21,0,7,0,0,0,38,4,9,30.8,Matches,West Ham
Oliver Scarles,eng ENG,"DF,FW",18.0,7.4,1,0,0,5,3,1,15,11,11,0,0,0,34,6,6,50.0,Matches,West Ham
Niclas Füllkrug,de GER,FW,31.0,8.8,2,0,0,21,6,10,1,1,3,0,0,0,18,39,52,42.9,Matches,West Ham
Danny Ings,eng ENG,"FW,MF",32.0,3.2,0,0,0,0,2,0,3,1,2,1,0,0,9,8,10,44.4,Matches,West Ham
Andy Irving,sct SCO,MF,24.0,1.8,2,0,0,6,1,0,2,1,4,0,0,0,10,1,1,50.0,Matches,West Ham
Evan Ferguson,ie IRL,FW,19.0,1.7,0,0,0,1,2,0,0,1,1,0,0,0,8,5,10,33.3,Matches,West Ham
Luis Guilherme,br BRA,"MF,FW",18.0,1.7,0,0,0,0,4,0,8,3,0,0,0,0,7,2,1,66.7,Matches,West Ham
Lewis Orford,eng ENG,MF,18.0,0.5,0,0,0,0,0,0,1,1,0,0,0,0,7,0,1,0.0,Matches,West Ham
Kaelan Casey,eng ENG,DF,19.0,0.0,0,0,0,0,0,0,0,0,0,0,0,0,0,1,0,100.0,Matches,West Ham
Squad Total,,,28.1,38.0,82,3,2,443,397,73,613,331,388,2,3,3,1558,587,560,51.2,,West Ham
Opponent Total,,,26.1,38.0,56,1,0,410,428,55,811,298,435,3,3,3,1582,560,587,48.8,,West Ham
Bruno Fernandes,pt POR,MF,29,33.5,5,2,1,32,40,2,186,26,50,0,0,0,213,22,28,44.0,Matches,Manchester Utd
André Onana,cm CMR,GK,28,34.0,0,0,0,0,2,0,0,0,2,0,0,0,34,6,0,100.0,Matches,Manchester Utd
Noussair Mazraoui,ma MAR,DF,26,31.5,3,0,0,38,25,4,23,34,68,0,1,0,149,50,30,62.5,Matches,Manchester Utd
Diogo Dalot,pt POR,DF,25,31.3,5,0,0,40,9,4,66,37,40,0,1,0,167,38,21,64.4,Matches,Manchester Utd
Matthijs de Ligt,nl NED,DF,24,23.6,3,0,0,16,12,2,6,33,22,0,2,0,68,58,29,66.7,Matches,Manchester Utd
Alejandro Garnacho,ar ARG,"MF,FW",20,24.4,3,0,0,12,43,10,56,13,18,0,0,0,108,3,24,11.1,Matches,Manchester Utd
Rasmus Højlund,dk DEN,FW,21,22.3,2,0,0,17,28,13,8,2,1,1,0,0,35,31,94,24.8,Matches,Manchester Utd
Manuel Ugarte,uy URU,MF,23,19.8,11,0,0,41,33,0,7,27,49,0,0,1,122,18,18,50.0,Matches,Manchester Utd
Amad Diallo,ci CIV,"MF,FW",22,21.1,5,0,0,21,28,9,42,11,31,2,0,0,109,10,15,40.0,Matches,Manchester Utd
Lisandro Martínez,ar ARG,DF,26,19.5,7,0,0,22,7,0,9,32,24,0,0,0,81,16,13,55.2,Matches,Manchester Utd
,,,,,Performance,Performance,Performance,Performance,Performance,Performance,Performance,Performance,Performance,Performance,Performance,Performance,Performance,Aerial Duels,Aerial Duels,Aerial Duels,,Manchester Utd
Player,Nation,Pos,Age,90s,CrdY,CrdR,2CrdY,Fls,Fld,Off,Crs,Int,TklW,PKwon,PKcon,OG,Recov,Won,Lost,Won%,Matches,Manchester Utd
Harry Maguire,eng ENG,DF,31,19.5,7,0,0,18,11,2,4,40,15,0,0,0,68,64,25,71.9,Matches,Manchester Utd
Kobbie Mainoo,eng ENG,MF,19,18.3,5,0,0,27,21,3,7,19,29,0,0,0,88,19,31,38.0,Matches,Manchester Utd
Casemiro,br BRA,MF,32,16.6,5,0,0,20,19,4,20,14,50,0,0,0,103,36,19,65.5,Matches,Manchester Utd
Joshua Zirkzee,nl NED,"FW,MF",23,15.6,2,0,0,9,13,3,4,6,8,1,0,0,57,21,54,28.0,Matches,Manchester Utd
Leny Yoro,fr FRA,DF,18,12.9,5,0,0,9,2,1,1,18,11,0,0,0,46,16,16,50.0,Matches,Manchester Utd
Marcus Rashford,eng ENG,"FW,MF",26,10.9,2,0,0,8,7,7,27,4,4,0,0,0,24,5,7,41.7,Matches,Manchester Utd
Christian Eriksen,dk DEN,MF,32,11.8,4,0,0,8,3,0,85,7,9,0,0,0,62,2,6,25.0,Matches,Manchester Utd
Patrick Dorgu,dk DEN,DF,19,9.4,3,1,0,17,28,3,39,4,24,0,0,0,37,15,9,62.5,Matches,Manchester Utd
Mason Mount,eng ENG,MF,25,6.9,3,0,0,16,9,1,13,4,5,0,0,0,18,4,8,33.3,Matches,Manchester Utd
Victor Lindelöf,se SWE,DF,30,7.8,1,0,0,8,1,0,1,8,2,0,0,0,29,17,15,53.1,Matches,Manchester Utd
,,,,,Performance,Performance,Performance,Performance,Performance,Performance,Performance,Performance,Performance,Performance,Performance,Performance,Performance,Aerial Duels,Aerial Duels,Aerial Duels,,Manchester Utd
Player,Nation,Pos,Age,90s,CrdY,CrdR,2CrdY,Fls,Fld,Off,Crs,Int,TklW,PKwon,PKcon,OG,Recov,Won,Lost,Won%,Matches,Manchester Utd
Altay Bayındır,tr TUR,GK,26,4.0,0,0,0,0,1,0,0,0,0,0,0,0,3,1,1,50.0,Matches,Manchester Utd
Luke Shaw,eng ENG,DF,29,3.9,1,0,0,3,1,0,11,2,3,0,0,1,9,3,2,60.0,Matches,Manchester Utd
Harry Amass,eng ENG,DF,17,3.8,0,0,0,2,4,1,9,2,2,0,0,0,26,7,6,53.8,Matches,Manchester Utd
Jonny Evans,nir NIR,DF,36,3.5,1,0,0,5,6,0,0,5,6,0,0,0,16,9,3,75.0,Matches,Manchester Utd
Ayden Heaven,eng ENG,DF,17,1.9,1,0,0,4,4,0,0,4,3,0,0,0,11,2,3,40.0,Matches,Manchester Utd
Tyler Fredricson,eng ENG,DF,19,1.8,0,0,0,0,2,0,0,1,3,0,0,0,12,7,5,58.3,Matches,Manchester Utd
Tyrell Malacia,nl NED,DF,24,1.1,1,0,0,3,2,0,1,1,1,0,0,0,3,0,0,,Matches,Manchester Utd
Chidozie Obi-Martin,dk DEN,FW,16,1.8,1,0,0,3,1,0,0,0,1,0,0,0,9,2,4,33.3,Matches,Manchester Utd
Toby Collyer,eng ENG,MF,20,2.0,0,0,0,2,4,0,0,2,9,0,0,0,17,3,1,75.0,Matches,Manchester Utd
Antony,br BRA,"DF,MF",24,1.6,0,0,0,2,5,0,5,2,3,0,0,0,11,0,1,0.0,Matches,Manchester Utd
Scott McTominay,sct SCO,MF,27,0.2,0,0,0,0,0,0,0,0,0,0,0,0,1,1,0,100.0,Matches,Manchester Utd
Squad Total,,,25.5,38.0,86,3,1,403,371,69,630,358,493,4,4,2,1736,486,488,49.9,,Manchester Utd
Opponent Total,,,26.4,38.0,71,3,0,385,387,57,598,325,414,3,4,2,1690,488,486,50.1,,Manchester Utd
Rayan Aït-Nouri,dz ALG,DF,23,34.5,7,1,1,30,46,6,94,26,57,0,0,0,145,22,30,42.3,Matches,Wolves
João Gomes,br BRA,MF,23,33.0,11,1,1,70,47,1,29,25,71,0,0,0,200,11,26,29.7,Matches,Wolves
Nélson Semedo,pt POR,DF,30,32.1,8,0,0,48,30,4,63,23,36,0,1,0,139,28,42,40.0,Matches,Wolves
André,br BRA,MF,23,27.5,7,0,0,36,34,0,0,37,55,0,1,0,194,2,6,25.0,Matches,Wolves
Toti Gomes,pt POR,DF,25,29.0,7,0,0,24,15,4,13,25,43,0,1,0,116,53,26,67.1,Matches,Wolves
Jørgen Strand Larsen,no NOR,FW,24,28.7,4,0,0,46,19,16,6,6,6,0,0,0,42,67,100,40.1,Matches,Wolves
José Sá,pt POR,GK,31,29.0,2,0,0,4,9,0,0,0,2,0,4,0,37,11,1,91.7,Matches,Wolves
Matheus Cunha,br BRA,"MF,FW",25,28.9,4,0,0,42,71,8,142,17,22,0,1,0,125,13,29,31.0,Matches,Wolves
Matt Doherty,ie IRL,DF,32,23.4,6,0,0,18,11,2,22,22,21,0,0,1,106,56,21,72.7,Matches,Wolves
Jean-Ricner Bellegarde,ht HAI,"MF,FW",26,18.6,3,0,0,31,47,1,44,10,24,0,0,0,62,10,19,34.5,Matches,Wolves
,,,,,Performance,Performance,Performance,Performance,Performance,Performance,Performance,Performance,Performance,Performance,Performance,Performance,Performance,Aerial Duels,Aerial Duels,Aerial Duels,,Wolves
Player,Nation,Pos,Age,90s,CrdY,CrdR,2CrdY,Fls,Fld,Off,Crs,Int,TklW,PKwon,PKcon,OG,Recov,Won,Lost,Won%,Matches,Wolves
Santiago Bueno,uy URU,DF,25,18.7,2,0,0,26,5,0,0,15,21,0,0,0,43,35,31,53.0,Matches,Wolves
Emmanuel Agbadou,ci CIV,DF,27,15.7,3,0,0,7,4,1,2,12,19,0,0,0,83,26,20,56.5,Matches,Wolves
Mario Lemina,ga GAB,"MF,DF",30,15.2,4,0,0,17,8,4,10,27,31,0,1,0,73,25,16,61.0,Matches,Wolves
Marshall Munetsi,zw ZIM,"MF,FW",28,12.0,0,0,0,19,10,3,10,6,10,0,0,0,35,29,23,55.8,Matches,Wolves
Gonçalo Guedes,pt POR,"MF,FW",27,11.1,1,0,0,15,17,3,22,5,5,0,0,0,36,5,13,27.8,Matches,Wolves
Craig Dawson,eng ENG,DF,34,10.8,2,0,0,6,5,2,0,9,3,0,0,2,35,21,11,65.6,Matches,Wolves
Pablo Sarabia,es ESP,"MF,FW",32,9.0,3,0,0,16,15,5,47,4,8,0,0,0,34,5,14,26.3,Matches,Wolves
Rodrigo Gomes,pt POR,"DF,FW",21,9.0,0,0,0,4,6,0,23,7,15,0,0,0,28,8,17,32.0,Matches,Wolves
Sam Johnstone,eng ENG,GK,31,7.0,0,0,0,0,0,0,0,0,0,0,0,0,9,4,0,100.0,Matches,Wolves
Hwang Hee-chan,kr KOR,"MF,FW",28,7.3,0,0,0,6,9,0,8,2,4,0,0,0,28,3,9,25.0,Matches,Wolves
,,,,,Performance,Performance,Performance,Performance,Performance,Performance,Performance,Performance,Performance,Performance,Performance,Performance,Performance,Aerial Duels,Aerial Duels,Aerial Duels,,Wolves
Player,Nation,Pos,Age,90s,CrdY,CrdR,2CrdY,Fls,Fld,Off,Crs,Int,TklW,PKwon,PKcon,OG,Recov,Won,Lost,Won%,Matches,Wolves
Yerson Mosquera,co COL,DF,23,4.9,2,0,0,6,7,1,2,10,7,0,0,0,24,11,6,64.7,Matches,Wolves
Tommy Doyle,eng ENG,MF,22,5.4,1,0,0,5,5,0,15,5,6,0,0,0,43,1,6,14.3,Matches,Wolves
Daniel Bentley,eng ENG,GK,31,2.0,0,0,0,0,0,0,0,0,0,0,0,0,4,2,0,100.0,Matches,Wolves
Carlos Forbs,pt POR,"MF,FW",20,2.7,2,0,0,2,1,0,9,1,5,0,0,0,11,1,3,25.0,Matches,Wolves
Pedro Lima,br BRA,DF,18,0.8,0,0,0,1,1,1,5,2,0,0,0,0,3,0,3,0.0,Matches,Wolves
Nasser Djiga,bf BFA,DF,21,0.7,0,0,0,0,1,0,0,2,0,0,0,0,2,1,1,50.0,Matches,Wolves
Daniel Podence,pt POR,"MF,FW",28,0.5,0,0,0,0,2,0,1,0,0,0,0,0,1,0,1,0.0,Matches,Wolves
Chiquinho,pt POR,MF,24,0.1,0,0,0,1,0,0,1,0,0,0,0,0,1,0,0,,Matches,Wolves
Mateus Mane,,MF,,0.0,0,0,0,0,0,0,0,0,0,0,0,0,0,1,0,100.0,Matches,Wolves
Tom King,wls WAL,GK,29,0.0,0,0,0,0,0,0,0,0,0,0,0,0,0,0,0,,Matches,Wolves
Alfie Pond,eng ENG,DF,20,0.0,0,0,0,0,0,0,0,0,0,0,0,0,0,0,0,,Matches,Wolves
Boubacar Traoré,ml MLI,MF,22,0.0,0,0,0,0,0,0,0,0,0,0,0,0,0,0,1,0.0,Matches,Wolves
Squad Total,,,26.9,38.0,79,2,2,480,425,62,568,298,471,0,9,3,1659,451,475,48.7,,Wolves
Opponent Total,,,26.2,38.0,85,3,1,442,465,76,714,308,422,9,0,1,1609,475,451,51.3,,Wolves
Pedro Porro,es ESP,DF,24,29.0,5,0,0,25,33,1,196,36,49,0,0,0,152,12,23,34.3,Matches,Tottenham
Dejan Kulusevski,se SWE,"MF,FW",24,26.5,3,0,0,48,38,5,89,13,23,0,0,0,121,10,15,40.0,Matches,Tottenham
Dominic Solanke,eng ENG,FW,26,24.5,0,0,0,36,36,5,4,1,11,0,0,1,38,46,60,43.4,Matches,Tottenham
Brennan Johnson,wls WAL,FW,23,24.2,5,0,0,27,26,12,53,4,26,2,0,0,63,7,20,25.9,Matches,Tottenham
Guglielmo Vicario,it ITA,GK,27,24.0,1,0,0,0,2,0,0,1,0,0,0,0,32,9,0,100.0,Matches,Tottenham
Son Heung-min,kr KOR,FW,32,23.4,1,0,0,6,28,12,78,5,9,1,0,0,85,6,12,33.3,Matches,Tottenham
Destiny Udogie,it ITA,DF,21,21.4,2,0,0,29,38,3,19,22,47,0,0,1,111,13,13,50.0,Matches,Tottenham
Pape Matar Sarr,sn SEN,MF,21,21.3,6,0,0,34,35,2,14,30,36,0,1,0,115,34,45,43.0,Matches,Tottenham
James Maddison,eng ENG,MF,27,20.1,6,0,0,32,64,4,98,12,19,0,0,0,76,5,7,41.7,Matches,Tottenham
Rodrigo Bentancur,uy URU,MF,27,18.3,9,0,0,34,10,1,4,40,22,0,0,0,121,36,30,54.5,Matches,Tottenham
,,,,,Performance,Performance,Performance,Performance,Performance,Performance,Performance,Performance,Performance,Performance,Performance,Performance,Performance,Aerial Duels,Aerial Duels,Aerial Duels,,Tottenham
Player,Nation,Pos,Age,90s,CrdY,CrdR,2CrdY,Fls,Fld,Off,Crs,Int,TklW,PKwon,PKcon,OG,Recov,Won,Lost,Won%,Matches,Tottenham
Djed Spence,eng ENG,DF,23,19.9,4,1,1,21,23,2,25,21,34,0,0,1,109,21,14,60.0,Matches,Tottenham
Archie Gray,eng ENG,"DF,MF",18,19.5,1,0,0,17,11,0,17,19,8,0,0,1,69,11,11,50.0,Matches,Tottenham
Cristian Romero,ar ARG,DF,26,15.7,3,0,0,14,12,2,3,21,29,0,0,0,90,41,27,60.3,Matches,Tottenham
Yves Bissouma,ml MLI,MF,27,15.6,7,0,0,28,18,0,2,18,31,0,2,0,85,7,7,50.0,Matches,Tottenham
Ben Davies,wls WAL,DF,31,14.8,5,0,0,17,7,0,4,12,11,0,0,0,41,52,44,54.2,Matches,Tottenham
Radu Drăgușin,ro ROU,DF,22,13.9,1,0,0,6,10,0,1,15,6,0,0,0,48,33,22,60.0,Matches,Tottenham
Micky van de Ven,nl NED,DF,23,11.3,4,0,0,10,9,0,0,10,6,0,0,0,63,19,20,48.7,Matches,Tottenham
Lucas Bergvall,se SWE,MF,18,13.5,3,0,0,20,17,0,21,24,19,0,0,0,73,9,8,52.9,Matches,Tottenham
Mathys Tel,fr FRA,FW,19,10.1,2,0,0,14,16,1,35,2,6,1,0,0,38,4,7,36.4,Matches,Tottenham
Wilson Odobert,fr FRA,"FW,MF",19,9.4,0,0,0,2,3,1,25,4,5,0,0,0,34,4,8,33.3,Matches,Tottenham
,,,,,Performance,Performance,Performance,Performance,Performance,Performance,Performance,Performance,Performance,Performance,Performance,Performance,Performance,Aerial Duels,Aerial Duels,Aerial Duels,,Tottenham
Player,Nation,Pos,Age,90s,CrdY,CrdR,2CrdY,Fls,Fld,Off,Crs,Int,TklW,PKwon,PKcon,OG,Recov,Won,Lost,Won%,Matches,Tottenham
Kevin Danso,at AUT,DF,25,9.4,0,0,0,9,13,0,1,6,5,0,0,0,27,21,12,63.6,Matches,Tottenham
Fraser Forster,eng ENG,GK,36,7.0,0,0,0,0,0,0,0,0,0,0,0,0,1,1,0,100.0,Matches,Tottenham
Antonín Kinský,cz CZE,GK,21,6.0,0,0,0,0,0,0,0,0,1,0,0,0,6,2,0,100.0,Matches,Tottenham
Timo Werner,de GER,"FW,MF",28,5.7,0,0,0,3,5,5,28,1,4,0,0,0,18,0,1,0.0,Matches,Tottenham
Richarlison,br BRA,FW,27,5.6,2,0,0,7,13,3,7,0,3,0,0,0,11,10,23,30.3,Matches,Tottenham
Mikey Moore,eng ENG,FW,16,4.1,0,0,0,3,7,3,16,1,1,0,0,0,11,1,6,14.3,Matches,Tottenham
Sergio Reguilón,es ESP,DF,27,2.2,2,0,0,2,6,0,12,4,3,0,0,0,14,5,2,71.4,Matches,Tottenham
Brandon Austin,eng ENG,GK,25,1.0,0,0,0,0,2,0,0,0,0,0,0,0,1,2,0,100.0,Matches,Tottenham
Dane Scarlett,eng ENG,"FW,MF",20,0.4,0,0,0,0,1,1,0,0,0,0,0,0,3,1,0,100.0,Matches,Tottenham
Alfie Dorrington,eng ENG,DF,19,0.2,0,0,0,0,0,0,0,0,0,0,0,0,3,0,0,,Matches,Tottenham
Will Lankshear,eng ENG,"FW,MF",19,0.1,0,0,0,2,0,0,0,0,0,0,0,0,0,0,0,,Matches,Tottenham
Squad Total,,,25.0,38.0,72,1,1,446,483,63,752,322,414,4,3,4,1659,422,437,49.1,,Tottenham
Opponent Total,,,26.2,38.0,85,3,0,494,431,87,697,391,548,3,4,3,1652,437,422,50.9,,Tottenham
